id,title,product_link
1,iPhone 15 Pro Max 256GB Black Titanium 5G With FaceTime - Middle East Version,https://www.noon.com/saudi-en/iphone-15-pro-max-256gb-black-titanium-5g-with-facetime-middle-east-version/N53432493A/p/?o=ea494d7c3358a48d
2,Galaxy S23 Ultra 5G Dual SIM Phantom Black 12GB RAM 256GB - International Version,https://www.noon.com/saudi-en/galaxy-s23-ultra-5g-dual-sim-phantom-black-12gb-ram-256gb-international-version/N53379147A/p/?o=ffa06254b074517d
3,"ZIPFORCE True Wireless Earbuds, in-Ear Bluetooth 5.3 Headphones, Bluetooth Earbuds Touch Control 30 Playtime, IPX5 Waterproof TWS, Light-Weight Earphones",https://www.noon.com/saudi-en/zipforce-true-wireless-earbuds-in-ear-bluetooth-5-3-headphones-bluetooth-earbuds-touch-control-30-playtime-ipx5-waterproof-tws-light-weight-earphones/ZDFD9FC0C48DF8C91D823Z/p/?o=zdfd9fc0c48df8c91d823z-1
4,"MacBook Air With 13.3-inch Retina Display, Core i5 Processor/10th Gen/macOS/8GB RAM/512 GB SSD/Intel Iris Plus Graphics With English Keyboard-2020 Gold English Gold",https://www.noon.com/saudi-en/macbook-air-with-13-3-inch-retina-display-core-i5-processor-10th-gen-macos-8gb-ram-512-gb-ssd-intel-iris-plus-graphics-with-english-keyboard-2020-gold-english-gold/N36062336A/p/?o=f5a2f63a5155b11c
5,Galaxy Tab S8 Graphite 8GB RAM 128GB 5G - Middle East Version,https://www.noon.com/saudi-en/galaxy-tab-s8-graphite-8gb-ram-128gb-5g-middle-east-version/N52535568A/p/?o=c52ad9141f39b82f
6,"Inspiron 14 5410 Convertible Laptop With 14 Inch FHD Touchscreen Display, 11th Gen Intel Core i3-1125G4/ 256GB SSD/ 4 GB RAM/ Intel UHD Graphics/ Win 10 Home/ Eng Ar KB English/Arabic Silver",https://www.noon.com/saudi-en/inspiron-14-5410-convertible-laptop-with-14-inch-fhd-touchscreen-display-11th-gen-intel-core-i3-1125g4-256gb-ssd-4-gb-ram-intel-uhd-graphics-win-10-home-eng-ar-kb-english-arabic-silver/N50226701A/p/?o=b790305fc48a2d2e
7,AirPods (3rd generation) with Lightning Charging Case White,https://www.noon.com/saudi-en/airpods-3rd-generation-with-lightning-charging-case-white/N53349332A/p/?o=acdf2eca6d2afd9c
8,EOS 5D Mark IV DSLR Camera With EF 24-105mm IS USM Lens Fast Versatile Full Frame Camera 30.4 MP 4K Wi-Fi GPS,https://www.noon.com/saudi-en/eos-5d-mark-iv-dslr-camera-with-ef-24-105mm-is-usm-lens-fast-versatile-full-frame-camera-30-4-mp-4k-wi-fi-gps/N13299769A/p/?o=ae440035122d245e
9,"65-Inch 4K UHD Google TV, Smart TV, Dolby vision, Dolby atmos, Google assistant, In-built chromecast and premium streaming channels Model ( 2023 ) 65P637 Black",https://www.noon.com/saudi-en/65-inch-4k-uhd-google-tv-smart-tv-dolby-vision-dolby-atmos-google-assistant-in-built-chromecast-and-premium-streaming-channels-model-2023-65p637-black/N53362855A/p/?o=be83f5f423e3b68d
10,Band 6 All-Day SPO2 Monitoring Fullview Display 2 Weeks Battery Life 1.47 inch Graphite Black,https://www.noon.com/saudi-en/band-6-all-day-spo2-monitoring-fullview-display-2-weeks-battery-life-1-47-inch-graphite-black/N46954808A/p/?o=c0bca8a9176c08af
11,iPhone 15 Pro Max 256GB Black Titanium 5G With FaceTime - Middle East Version,https://www.noon.com/saudi-en/iphone-15-pro-max-256gb-black-titanium-5g-with-facetime-middle-east-version/N53432493A/p/?o=ea494d7c3358a48d
12,Galaxy S23 Ultra 5G Dual SIM Phantom Black 12GB RAM 256GB - International Version,https://www.noon.com/saudi-en/galaxy-s23-ultra-5g-dual-sim-phantom-black-12gb-ram-256gb-international-version/N53379147A/p/?o=ffa06254b074517d
13,"ZIPFORCE True Wireless Earbuds, in-Ear Bluetooth 5.3 Headphones, Bluetooth Earbuds Touch Control 30 Playtime, IPX5 Waterproof TWS, Light-Weight Earphones",https://www.noon.com/saudi-en/zipforce-true-wireless-earbuds-in-ear-bluetooth-5-3-headphones-bluetooth-earbuds-touch-control-30-playtime-ipx5-waterproof-tws-light-weight-earphones/ZDFD9FC0C48DF8C91D823Z/p/?o=zdfd9fc0c48df8c91d823z-1
14,"MacBook Air With 13.3-inch Retina Display, Core i5 Processor/10th Gen/macOS/8GB RAM/512 GB SSD/Intel Iris Plus Graphics With English Keyboard-2020 Gold English Gold",https://www.noon.com/saudi-en/macbook-air-with-13-3-inch-retina-display-core-i5-processor-10th-gen-macos-8gb-ram-512-gb-ssd-intel-iris-plus-graphics-with-english-keyboard-2020-gold-english-gold/N36062336A/p/?o=f5a2f63a5155b11c
15,Galaxy Tab S8 Graphite 8GB RAM 128GB 5G - Middle East Version,https://www.noon.com/saudi-en/galaxy-tab-s8-graphite-8gb-ram-128gb-5g-middle-east-version/N52535568A/p/?o=c52ad9141f39b82f
16,"Inspiron 14 5410 Convertible Laptop With 14 Inch FHD Touchscreen Display, 11th Gen Intel Core i3-1125G4/ 256GB SSD/ 4 GB RAM/ Intel UHD Graphics/ Win 10 Home/ Eng Ar KB English/Arabic Silver",https://www.noon.com/saudi-en/inspiron-14-5410-convertible-laptop-with-14-inch-fhd-touchscreen-display-11th-gen-intel-core-i3-1125g4-256gb-ssd-4-gb-ram-intel-uhd-graphics-win-10-home-eng-ar-kb-english-arabic-silver/N50226701A/p/?o=b790305fc48a2d2e
17,AirPods (3rd generation) with Lightning Charging Case White,https://www.noon.com/saudi-en/airpods-3rd-generation-with-lightning-charging-case-white/N53349332A/p/?o=acdf2eca6d2afd9c
18,EOS 5D Mark IV DSLR Camera With EF 24-105mm IS USM Lens Fast Versatile Full Frame Camera 30.4 MP 4K Wi-Fi GPS,https://www.noon.com/saudi-en/eos-5d-mark-iv-dslr-camera-with-ef-24-105mm-is-usm-lens-fast-versatile-full-frame-camera-30-4-mp-4k-wi-fi-gps/N13299769A/p/?o=ae440035122d245e
19,"65-Inch 4K UHD Google TV, Smart TV, Dolby vision, Dolby atmos, Google assistant, In-built chromecast and premium streaming channels Model ( 2023 ) 65P637 Black",https://www.noon.com/saudi-en/65-inch-4k-uhd-google-tv-smart-tv-dolby-vision-dolby-atmos-google-assistant-in-built-chromecast-and-premium-streaming-channels-model-2023-65p637-black/N53362855A/p/?o=be83f5f423e3b68d
20,Band 6 All-Day SPO2 Monitoring Fullview Display 2 Weeks Battery Life 1.47 inch Graphite Black,https://www.noon.com/saudi-en/band-6-all-day-spo2-monitoring-fullview-display-2-weeks-battery-life-1-47-inch-graphite-black/N46954808A/p/?o=c0bca8a9176c08af
21,iPhone 15 Pro Max 256GB Black Titanium 5G With FaceTime - Middle East Version,https://www.noon.com/saudi-en/iphone-15-pro-max-256gb-black-titanium-5g-with-facetime-middle-east-version/N53432493A/p/?o=ea494d7c3358a48d
22,Galaxy S23 Ultra 5G Dual SIM Phantom Black 12GB RAM 256GB - International Version,https://www.noon.com/saudi-en/galaxy-s23-ultra-5g-dual-sim-phantom-black-12gb-ram-256gb-international-version/N53379147A/p/?o=ffa06254b074517d
23,"ZIPFORCE True Wireless Earbuds, in-Ear Bluetooth 5.3 Headphones, Bluetooth Earbuds Touch Control 30 Playtime, IPX5 Waterproof TWS, Light-Weight Earphones",https://www.noon.com/saudi-en/zipforce-true-wireless-earbuds-in-ear-bluetooth-5-3-headphones-bluetooth-earbuds-touch-control-30-playtime-ipx5-waterproof-tws-light-weight-earphones/ZDFD9FC0C48DF8C91D823Z/p/?o=zdfd9fc0c48df8c91d823z-1
24,"MacBook Air With 13.3-inch Retina Display, Core i5 Processor/10th Gen/macOS/8GB RAM/512 GB SSD/Intel Iris Plus Graphics With English Keyboard-2020 Gold English Gold",https://www.noon.com/saudi-en/macbook-air-with-13-3-inch-retina-display-core-i5-processor-10th-gen-macos-8gb-ram-512-gb-ssd-intel-iris-plus-graphics-with-english-keyboard-2020-gold-english-gold/N36062336A/p/?o=f5a2f63a5155b11c
25,Galaxy Tab S8 Graphite 8GB RAM 128GB 5G - Middle East Version,https://www.noon.com/saudi-en/galaxy-tab-s8-graphite-8gb-ram-128gb-5g-middle-east-version/N52535568A/p/?o=c52ad9141f39b82f
26,"Inspiron 14 5410 Convertible Laptop With 14 Inch FHD Touchscreen Display, 11th Gen Intel Core i3-1125G4/ 256GB SSD/ 4 GB RAM/ Intel UHD Graphics/ Win 10 Home/ Eng Ar KB English/Arabic Silver",https://www.noon.com/saudi-en/inspiron-14-5410-convertible-laptop-with-14-inch-fhd-touchscreen-display-11th-gen-intel-core-i3-1125g4-256gb-ssd-4-gb-ram-intel-uhd-graphics-win-10-home-eng-ar-kb-english-arabic-silver/N50226701A/p/?o=b790305fc48a2d2e
27,AirPods (3rd generation) with Lightning Charging Case White,https://www.noon.com/saudi-en/airpods-3rd-generation-with-lightning-charging-case-white/N53349332A/p/?o=acdf2eca6d2afd9c
28,EOS 5D Mark IV DSLR Camera With EF 24-105mm IS USM Lens Fast Versatile Full Frame Camera 30.4 MP 4K Wi-Fi GPS,https://www.noon.com/saudi-en/eos-5d-mark-iv-dslr-camera-with-ef-24-105mm-is-usm-lens-fast-versatile-full-frame-camera-30-4-mp-4k-wi-fi-gps/N13299769A/p/?o=ae440035122d245e
29,"65-Inch 4K UHD Google TV, Smart TV, Dolby vision, Dolby atmos, Google assistant, In-built chromecast and premium streaming channels Model ( 2023 ) 65P637 Black",https://www.noon.com/saudi-en/65-inch-4k-uhd-google-tv-smart-tv-dolby-vision-dolby-atmos-google-assistant-in-built-chromecast-and-premium-streaming-channels-model-2023-65p637-black/N53362855A/p/?o=be83f5f423e3b68d
30,Band 6 All-Day SPO2 Monitoring Fullview Display 2 Weeks Battery Life 1.47 inch Graphite Black,https://www.noon.com/saudi-en/band-6-all-day-spo2-monitoring-fullview-display-2-weeks-battery-life-1-47-inch-graphite-black/N46954808A/p/?o=c0bca8a9176c08af
31,iPhone 15 Pro Max 256GB Black Titanium 5G With FaceTime - Middle East Version,https://www.noon.com/saudi-en/iphone-15-pro-max-256gb-black-titanium-5g-with-facetime-middle-east-version/N53432493A/p/?o=ea494d7c3358a48d
32,Galaxy S23 Ultra 5G Dual SIM Phantom Black 12GB RAM 256GB - International Version,https://www.noon.com/saudi-en/galaxy-s23-ultra-5g-dual-sim-phantom-black-12gb-ram-256gb-international-version/N53379147A/p/?o=ffa06254b074517d
33,"ZIPFORCE True Wireless Earbuds, in-Ear Bluetooth 5.3 Headphones, Bluetooth Earbuds Touch Control 30 Playtime, IPX5 Waterproof TWS, Light-Weight Earphones",https://www.noon.com/saudi-en/zipforce-true-wireless-earbuds-in-ear-bluetooth-5-3-headphones-bluetooth-earbuds-touch-control-30-playtime-ipx5-waterproof-tws-light-weight-earphones/ZDFD9FC0C48DF8C91D823Z/p/?o=zdfd9fc0c48df8c91d823z-1
34,"MacBook Air With 13.3-inch Retina Display, Core i5 Processor/10th Gen/macOS/8GB RAM/512 GB SSD/Intel Iris Plus Graphics With English Keyboard-2020 Gold English Gold",https://www.noon.com/saudi-en/macbook-air-with-13-3-inch-retina-display-core-i5-processor-10th-gen-macos-8gb-ram-512-gb-ssd-intel-iris-plus-graphics-with-english-keyboard-2020-gold-english-gold/N36062336A/p/?o=f5a2f63a5155b11c
35,Galaxy Tab S8 Graphite 8GB RAM 128GB 5G - Middle East Version,https://www.noon.com/saudi-en/galaxy-tab-s8-graphite-8gb-ram-128gb-5g-middle-east-version/N52535568A/p/?o=c52ad9141f39b82f
36,"Inspiron 14 5410 Convertible Laptop With 14 Inch FHD Touchscreen Display, 11th Gen Intel Core i3-1125G4/ 256GB SSD/ 4 GB RAM/ Intel UHD Graphics/ Win 10 Home/ Eng Ar KB English/Arabic Silver",https://www.noon.com/saudi-en/inspiron-14-5410-convertible-laptop-with-14-inch-fhd-touchscreen-display-11th-gen-intel-core-i3-1125g4-256gb-ssd-4-gb-ram-intel-uhd-graphics-win-10-home-eng-ar-kb-english-arabic-silver/N50226701A/p/?o=b790305fc48a2d2e
37,AirPods (3rd generation) with Lightning Charging Case White,https://www.noon.com/saudi-en/airpods-3rd-generation-with-lightning-charging-case-white/N53349332A/p/?o=acdf2eca6d2afd9c
38,EOS 5D Mark IV DSLR Camera With EF 24-105mm IS USM Lens Fast Versatile Full Frame Camera 30.4 MP 4K Wi-Fi GPS,https://www.noon.com/saudi-en/eos-5d-mark-iv-dslr-camera-with-ef-24-105mm-is-usm-lens-fast-versatile-full-frame-camera-30-4-mp-4k-wi-fi-gps/N13299769A/p/?o=ae440035122d245e
39,"65-Inch 4K UHD Google TV, Smart TV, Dolby vision, Dolby atmos, Google assistant, In-built chromecast and premium streaming channels Model ( 2023 ) 65P637 Black",https://www.noon.com/saudi-en/65-inch-4k-uhd-google-tv-smart-tv-dolby-vision-dolby-atmos-google-assistant-in-built-chromecast-and-premium-streaming-channels-model-2023-65p637-black/N53362855A/p/?o=be83f5f423e3b68d
40,Band 6 All-Day SPO2 Monitoring Fullview Display 2 Weeks Battery Life 1.47 inch Graphite Black,https://www.noon.com/saudi-en/band-6-all-day-spo2-monitoring-fullview-display-2-weeks-battery-life-1-47-inch-graphite-black/N46954808A/p/?o=c0bca8a9176c08af
41,iPhone 15 Pro Max 256GB Black Titanium 5G With FaceTime - Middle East Version,https://www.noon.com/saudi-en/iphone-15-pro-max-256gb-black-titanium-5g-with-facetime-middle-east-version/N53432493A/p/?o=ea494d7c3358a48d
42,Galaxy S23 Ultra 5G Dual SIM Phantom Black 12GB RAM 256GB - International Version,https://www.noon.com/saudi-en/galaxy-s23-ultra-5g-dual-sim-phantom-black-12gb-ram-256gb-international-version/N53379147A/p/?o=ffa06254b074517d
43,"ZIPFORCE True Wireless Earbuds, in-Ear Bluetooth 5.3 Headphones, Bluetooth Earbuds Touch Control 30 Playtime, IPX5 Waterproof TWS, Light-Weight Earphones",https://www.noon.com/saudi-en/zipforce-true-wireless-earbuds-in-ear-bluetooth-5-3-headphones-bluetooth-earbuds-touch-control-30-playtime-ipx5-waterproof-tws-light-weight-earphones/ZDFD9FC0C48DF8C91D823Z/p/?o=zdfd9fc0c48df8c91d823z-1
44,"MacBook Air With 13.3-inch Retina Display, Core i5 Processor/10th Gen/macOS/8GB RAM/512 GB SSD/Intel Iris Plus Graphics With English Keyboard-2020 Gold English Gold",https://www.noon.com/saudi-en/macbook-air-with-13-3-inch-retina-display-core-i5-processor-10th-gen-macos-8gb-ram-512-gb-ssd-intel-iris-plus-graphics-with-english-keyboard-2020-gold-english-gold/N36062336A/p/?o=f5a2f63a5155b11c
45,Galaxy Tab S8 Graphite 8GB RAM 128GB 5G - Middle East Version,https://www.noon.com/saudi-en/galaxy-tab-s8-graphite-8gb-ram-128gb-5g-middle-east-version/N52535568A/p/?o=c52ad9141f39b82f
46,"Inspiron 14 5410 Convertible Laptop With 14 Inch FHD Touchscreen Display, 11th Gen Intel Core i3-1125G4/ 256GB SSD/ 4 GB RAM/ Intel UHD Graphics/ Win 10 Home/ Eng Ar KB English/Arabic Silver",https://www.noon.com/saudi-en/inspiron-14-5410-convertible-laptop-with-14-inch-fhd-touchscreen-display-11th-gen-intel-core-i3-1125g4-256gb-ssd-4-gb-ram-intel-uhd-graphics-win-10-home-eng-ar-kb-english-arabic-silver/N50226701A/p/?o=b790305fc48a2d2e
47,AirPods (3rd generation) with Lightning Charging Case White,https://www.noon.com/saudi-en/airpods-3rd-generation-with-lightning-charging-case-white/N53349332A/p/?o=acdf2eca6d2afd9c
48,EOS 5D Mark IV DSLR Camera With EF 24-105mm IS USM Lens Fast Versatile Full Frame Camera 30.4 MP 4K Wi-Fi GPS,https://www.noon.com/saudi-en/eos-5d-mark-iv-dslr-camera-with-ef-24-105mm-is-usm-lens-fast-versatile-full-frame-camera-30-4-mp-4k-wi-fi-gps/N13299769A/p/?o=ae440035122d245e
49,"65-Inch 4K UHD Google TV, Smart TV, Dolby vision, Dolby atmos, Google assistant, In-built chromecast and premium streaming channels Model ( 2023 ) 65P637 Black",https://www.noon.com/saudi-en/65-inch-4k-uhd-google-tv-smart-tv-dolby-vision-dolby-atmos-google-assistant-in-built-chromecast-and-premium-streaming-channels-model-2023-65p637-black/N53362855A/p/?o=be83f5f423e3b68d
50,Band 6 All-Day SPO2 Monitoring Fullview Display 2 Weeks Battery Life 1.47 inch Graphite Black,https://www.noon.com/saudi-en/band-6-all-day-spo2-monitoring-fullview-display-2-weeks-battery-life-1-47-inch-graphite-black/N46954808A/p/?o=c0bca8a9176c08af
51,iPhone 15 Pro Max 256GB Black Titanium 5G With FaceTime - Middle East Version,https://www.noon.com/saudi-en/iphone-15-pro-max-256gb-black-titanium-5g-with-facetime-middle-east-version/N53432493A/p/?o=ea494d7c3358a48d
52,Galaxy S23 Ultra 5G Dual SIM Phantom Black 12GB RAM 256GB - International Version,https://www.noon.com/saudi-en/galaxy-s23-ultra-5g-dual-sim-phantom-black-12gb-ram-256gb-international-version/N53379147A/p/?o=ffa06254b074517d
53,"ZIPFORCE True Wireless Earbuds, in-Ear Bluetooth 5.3 Headphones, Bluetooth Earbuds Touch Control 30 Playtime, IPX5 Waterproof TWS, Light-Weight Earphones",https://www.noon.com/saudi-en/zipforce-true-wireless-earbuds-in-ear-bluetooth-5-3-headphones-bluetooth-earbuds-touch-control-30-playtime-ipx5-waterproof-tws-light-weight-earphones/ZDFD9FC0C48DF8C91D823Z/p/?o=zdfd9fc0c48df8c91d823z-1
54,"MacBook Air With 13.3-inch Retina Display, Core i5 Processor/10th Gen/macOS/8GB RAM/512 GB SSD/Intel Iris Plus Graphics With English Keyboard-2020 Gold English Gold",https://www.noon.com/saudi-en/macbook-air-with-13-3-inch-retina-display-core-i5-processor-10th-gen-macos-8gb-ram-512-gb-ssd-intel-iris-plus-graphics-with-english-keyboard-2020-gold-english-gold/N36062336A/p/?o=f5a2f63a5155b11c
55,Galaxy Tab S8 Graphite 8GB RAM 128GB 5G - Middle East Version,https://www.noon.com/saudi-en/galaxy-tab-s8-graphite-8gb-ram-128gb-5g-middle-east-version/N52535568A/p/?o=c52ad9141f39b82f
56,"Inspiron 14 5410 Convertible Laptop With 14 Inch FHD Touchscreen Display, 11th Gen Intel Core i3-1125G4/ 256GB SSD/ 4 GB RAM/ Intel UHD Graphics/ Win 10 Home/ Eng Ar KB English/Arabic Silver",https://www.noon.com/saudi-en/inspiron-14-5410-convertible-laptop-with-14-inch-fhd-touchscreen-display-11th-gen-intel-core-i3-1125g4-256gb-ssd-4-gb-ram-intel-uhd-graphics-win-10-home-eng-ar-kb-english-arabic-silver/N50226701A/p/?o=b790305fc48a2d2e
57,AirPods (3rd generation) with Lightning Charging Case White,https://www.noon.com/saudi-en/airpods-3rd-generation-with-lightning-charging-case-white/N53349332A/p/?o=acdf2eca6d2afd9c
58,EOS 5D Mark IV DSLR Camera With EF 24-105mm IS USM Lens Fast Versatile Full Frame Camera 30.4 MP 4K Wi-Fi GPS,https://www.noon.com/saudi-en/eos-5d-mark-iv-dslr-camera-with-ef-24-105mm-is-usm-lens-fast-versatile-full-frame-camera-30-4-mp-4k-wi-fi-gps/N13299769A/p/?o=ae440035122d245e
59,"65-Inch 4K UHD Google TV, Smart TV, Dolby vision, Dolby atmos, Google assistant, In-built chromecast and premium streaming channels Model ( 2023 ) 65P637 Black",https://www.noon.com/saudi-en/65-inch-4k-uhd-google-tv-smart-tv-dolby-vision-dolby-atmos-google-assistant-in-built-chromecast-and-premium-streaming-channels-model-2023-65p637-black/N53362855A/p/?o=be83f5f423e3b68d
60,Band 6 All-Day SPO2 Monitoring Fullview Display 2 Weeks Battery Life 1.47 inch Graphite Black,https://www.noon.com/saudi-en/band-6-all-day-spo2-monitoring-fullview-display-2-weeks-battery-life-1-47-inch-graphite-black/N46954808A/p/?o=c0bca8a9176c08af
61,iPhone 15 Pro Max 256GB Black Titanium 5G With FaceTime - Middle East Version,https://www.noon.com/saudi-en/iphone-15-pro-max-256gb-black-titanium-5g-with-facetime-middle-east-version/N53432493A/p/?o=ea494d7c3358a48d
62,Galaxy S23 Ultra 5G Dual SIM Phantom Black 12GB RAM 256GB - International Version,https://www.noon.com/saudi-en/galaxy-s23-ultra-5g-dual-sim-phantom-black-12gb-ram-256gb-international-version/N53379147A/p/?o=ffa06254b074517d
63,"ZIPFORCE True Wireless Earbuds, in-Ear Bluetooth 5.3 Headphones, Bluetooth Earbuds Touch Control 30 Playtime, IPX5 Waterproof TWS, Light-Weight Earphones",https://www.noon.com/saudi-en/zipforce-true-wireless-earbuds-in-ear-bluetooth-5-3-headphones-bluetooth-earbuds-touch-control-30-playtime-ipx5-waterproof-tws-light-weight-earphones/ZDFD9FC0C48DF8C91D823Z/p/?o=zdfd9fc0c48df8c91d823z-1
64,"MacBook Air With 13.3-inch Retina Display, Core i5 Processor/10th Gen/macOS/8GB RAM/512 GB SSD/Intel Iris Plus Graphics With English Keyboard-2020 Gold English Gold",https://www.noon.com/saudi-en/macbook-air-with-13-3-inch-retina-display-core-i5-processor-10th-gen-macos-8gb-ram-512-gb-ssd-intel-iris-plus-graphics-with-english-keyboard-2020-gold-english-gold/N36062336A/p/?o=f5a2f63a5155b11c
65,Galaxy Tab S8 Graphite 8GB RAM 128GB 5G - Middle East Version,https://www.noon.com/saudi-en/galaxy-tab-s8-graphite-8gb-ram-128gb-5g-middle-east-version/N52535568A/p/?o=c52ad9141f39b82f
66,"Inspiron 14 5410 Convertible Laptop With 14 Inch FHD Touchscreen Display, 11th Gen Intel Core i3-1125G4/ 256GB SSD/ 4 GB RAM/ Intel UHD Graphics/ Win 10 Home/ Eng Ar KB English/Arabic Silver",https://www.noon.com/saudi-en/inspiron-14-5410-convertible-laptop-with-14-inch-fhd-touchscreen-display-11th-gen-intel-core-i3-1125g4-256gb-ssd-4-gb-ram-intel-uhd-graphics-win-10-home-eng-ar-kb-english-arabic-silver/N50226701A/p/?o=b790305fc48a2d2e
67,AirPods (3rd generation) with Lightning Charging Case White,https://www.noon.com/saudi-en/airpods-3rd-generation-with-lightning-charging-case-white/N53349332A/p/?o=acdf2eca6d2afd9c
68,EOS 5D Mark IV DSLR Camera With EF 24-105mm IS USM Lens Fast Versatile Full Frame Camera 30.4 MP 4K Wi-Fi GPS,https://www.noon.com/saudi-en/eos-5d-mark-iv-dslr-camera-with-ef-24-105mm-is-usm-lens-fast-versatile-full-frame-camera-30-4-mp-4k-wi-fi-gps/N13299769A/p/?o=ae440035122d245e
69,"65-Inch 4K UHD Google TV, Smart TV, Dolby vision, Dolby atmos, Google assistant, In-built chromecast and premium streaming channels Model ( 2023 ) 65P637 Black",https://www.noon.com/saudi-en/65-inch-4k-uhd-google-tv-smart-tv-dolby-vision-dolby-atmos-google-assistant-in-built-chromecast-and-premium-streaming-channels-model-2023-65p637-black/N53362855A/p/?o=be83f5f423e3b68d
70,Band 6 All-Day SPO2 Monitoring Fullview Display 2 Weeks Battery Life 1.47 inch Graphite Black,https://www.noon.com/saudi-en/band-6-all-day-spo2-monitoring-fullview-display-2-weeks-battery-life-1-47-inch-graphite-black/N46954808A/p/?o=c0bca8a9176c08af
71,iPhone 15 Pro Max 256GB Black Titanium 5G With FaceTime - Middle East Version,https://www.noon.com/saudi-en/iphone-15-pro-max-256gb-black-titanium-5g-with-facetime-middle-east-version/N53432493A/p/?o=ea494d7c3358a48d
72,Galaxy S23 Ultra 5G Dual SIM Phantom Black 12GB RAM 256GB - International Version,https://www.noon.com/saudi-en/galaxy-s23-ultra-5g-dual-sim-phantom-black-12gb-ram-256gb-international-version/N53379147A/p/?o=ffa06254b074517d
73,"ZIPFORCE True Wireless Earbuds, in-Ear Bluetooth 5.3 Headphones, Bluetooth Earbuds Touch Control 30 Playtime, IPX5 Waterproof TWS, Light-Weight Earphones",https://www.noon.com/saudi-en/zipforce-true-wireless-earbuds-in-ear-bluetooth-5-3-headphones-bluetooth-earbuds-touch-control-30-playtime-ipx5-waterproof-tws-light-weight-earphones/ZDFD9FC0C48DF8C91D823Z/p/?o=zdfd9fc0c48df8c91d823z-1
74,"MacBook Air With 13.3-inch Retina Display, Core i5 Processor/10th Gen/macOS/8GB RAM/512 GB SSD/Intel Iris Plus Graphics With English Keyboard-2020 Gold English Gold",https://www.noon.com/saudi-en/macbook-air-with-13-3-inch-retina-display-core-i5-processor-10th-gen-macos-8gb-ram-512-gb-ssd-intel-iris-plus-graphics-with-english-keyboard-2020-gold-english-gold/N36062336A/p/?o=f5a2f63a5155b11c
75,Galaxy Tab S8 Graphite 8GB RAM 128GB 5G - Middle East Version,https://www.noon.com/saudi-en/galaxy-tab-s8-graphite-8gb-ram-128gb-5g-middle-east-version/N52535568A/p/?o=c52ad9141f39b82f
76,"Inspiron 14 5410 Convertible Laptop With 14 Inch FHD Touchscreen Display, 11th Gen Intel Core i3-1125G4/ 256GB SSD/ 4 GB RAM/ Intel UHD Graphics/ Win 10 Home/ Eng Ar KB English/Arabic Silver",https://www.noon.com/saudi-en/inspiron-14-5410-convertible-laptop-with-14-inch-fhd-touchscreen-display-11th-gen-intel-core-i3-1125g4-256gb-ssd-4-gb-ram-intel-uhd-graphics-win-10-home-eng-ar-kb-english-arabic-silver/N50226701A/p/?o=b790305fc48a2d2e
77,AirPods (3rd generation) with Lightning Charging Case White,https://www.noon.com/saudi-en/airpods-3rd-generation-with-lightning-charging-case-white/N53349332A/p/?o=acdf2eca6d2afd9c
78,EOS 5D Mark IV DSLR Camera With EF 24-105mm IS USM Lens Fast Versatile Full Frame Camera 30.4 MP 4K Wi-Fi GPS,https://www.noon.com/saudi-en/eos-5d-mark-iv-dslr-camera-with-ef-24-105mm-is-usm-lens-fast-versatile-full-frame-camera-30-4-mp-4k-wi-fi-gps/N13299769A/p/?o=ae440035122d245e
79,"65-Inch 4K UHD Google TV, Smart TV, Dolby vision, Dolby atmos, Google assistant, In-built chromecast and premium streaming channels Model ( 2023 ) 65P637 Black",https://www.noon.com/saudi-en/65-inch-4k-uhd-google-tv-smart-tv-dolby-vision-dolby-atmos-google-assistant-in-built-chromecast-and-premium-streaming-channels-model-2023-65p637-black/N53362855A/p/?o=be83f5f423e3b68d
80,Band 6 All-Day SPO2 Monitoring Fullview Display 2 Weeks Battery Life 1.47 inch Graphite Black,https://www.noon.com/saudi-en/band-6-all-day-spo2-monitoring-fullview-display-2-weeks-battery-life-1-47-inch-graphite-black/N46954808A/p/?o=c0bca8a9176c08af
81,iPhone 15 Pro Max 256GB Black Titanium 5G With FaceTime - Middle East Version,https://www.noon.com/saudi-en/iphone-15-pro-max-256gb-black-titanium-5g-with-facetime-middle-east-version/N53432493A/p/?o=ea494d7c3358a48d
82,Galaxy S23 Ultra 5G Dual SIM Phantom Black 12GB RAM 256GB - International Version,https://www.noon.com/saudi-en/galaxy-s23-ultra-5g-dual-sim-phantom-black-12gb-ram-256gb-international-version/N53379147A/p/?o=ffa06254b074517d
83,"ZIPFORCE True Wireless Earbuds, in-Ear Bluetooth 5.3 Headphones, Bluetooth Earbuds Touch Control 30 Playtime, IPX5 Waterproof TWS, Light-Weight Earphones",https://www.noon.com/saudi-en/zipforce-true-wireless-earbuds-in-ear-bluetooth-5-3-headphones-bluetooth-earbuds-touch-control-30-playtime-ipx5-waterproof-tws-light-weight-earphones/ZDFD9FC0C48DF8C91D823Z/p/?o=zdfd9fc0c48df8c91d823z-1
84,"MacBook Air With 13.3-inch Retina Display, Core i5 Processor/10th Gen/macOS/8GB RAM/512 GB SSD/Intel Iris Plus Graphics With English Keyboard-2020 Gold English Gold",https://www.noon.com/saudi-en/macbook-air-with-13-3-inch-retina-display-core-i5-processor-10th-gen-macos-8gb-ram-512-gb-ssd-intel-iris-plus-graphics-with-english-keyboard-2020-gold-english-gold/N36062336A/p/?o=f5a2f63a5155b11c
85,Galaxy Tab S8 Graphite 8GB RAM 128GB 5G - Middle East Version,https://www.noon.com/saudi-en/galaxy-tab-s8-graphite-8gb-ram-128gb-5g-middle-east-version/N52535568A/p/?o=c52ad9141f39b82f
86,"Inspiron 14 5410 Convertible Laptop With 14 Inch FHD Touchscreen Display, 11th Gen Intel Core i3-1125G4/ 256GB SSD/ 4 GB RAM/ Intel UHD Graphics/ Win 10 Home/ Eng Ar KB English/Arabic Silver",https://www.noon.com/saudi-en/inspiron-14-5410-convertible-laptop-with-14-inch-fhd-touchscreen-display-11th-gen-intel-core-i3-1125g4-256gb-ssd-4-gb-ram-intel-uhd-graphics-win-10-home-eng-ar-kb-english-arabic-silver/N50226701A/p/?o=b790305fc48a2d2e
87,AirPods (3rd generation) with Lightning Charging Case White,https://www.noon.com/saudi-en/airpods-3rd-generation-with-lightning-charging-case-white/N53349332A/p/?o=acdf2eca6d2afd9c
88,EOS 5D Mark IV DSLR Camera With EF 24-105mm IS USM Lens Fast Versatile Full Frame Camera 30.4 MP 4K Wi-Fi GPS,https://www.noon.com/saudi-en/eos-5d-mark-iv-dslr-camera-with-ef-24-105mm-is-usm-lens-fast-versatile-full-frame-camera-30-4-mp-4k-wi-fi-gps/N13299769A/p/?o=ae440035122d245e
89,"65-Inch 4K UHD Google TV, Smart TV, Dolby vision, Dolby atmos, Google assistant, In-built chromecast and premium streaming channels Model ( 2023 ) 65P637 Black",https://www.noon.com/saudi-en/65-inch-4k-uhd-google-tv-smart-tv-dolby-vision-dolby-atmos-google-assistant-in-built-chromecast-and-premium-streaming-channels-model-2023-65p637-black/N53362855A/p/?o=be83f5f423e3b68d
90,Band 6 All-Day SPO2 Monitoring Fullview Display 2 Weeks Battery Life 1.47 inch Graphite Black,https://www.noon.com/saudi-en/band-6-all-day-spo2-monitoring-fullview-display-2-weeks-battery-life-1-47-inch-graphite-black/N46954808A/p/?o=c0bca8a9176c08af
91,PlayStation 5 With Blu-Ray Disc Version (New Model) - Official KSA Version,https://www.noon.com/saudi-en/playstation-5-with-blu-ray-disc-version-new-model-official-ksa-version/N70022608V/p/?o=a2e071547d90cb4e
92,iPhone 15 Pro Max 256GB Black Titanium 5G With FaceTime - Middle East Version,https://www.noon.com/saudi-en/iphone-15-pro-max-256gb-black-titanium-5g-with-facetime-middle-east-version/N53432493A/p/?o=ea494d7c3358a48d
93,Galaxy S23 Ultra 5G Dual SIM Phantom Black 12GB RAM 256GB - International Version,https://www.noon.com/saudi-en/galaxy-s23-ultra-5g-dual-sim-phantom-black-12gb-ram-256gb-international-version/N53379147A/p/?o=ffa06254b074517d
94,"ZIPFORCE True Wireless Earbuds, in-Ear Bluetooth 5.3 Headphones, Bluetooth Earbuds Touch Control 30 Playtime, IPX5 Waterproof TWS, Light-Weight Earphones",https://www.noon.com/saudi-en/zipforce-true-wireless-earbuds-in-ear-bluetooth-5-3-headphones-bluetooth-earbuds-touch-control-30-playtime-ipx5-waterproof-tws-light-weight-earphones/ZDFD9FC0C48DF8C91D823Z/p/?o=zdfd9fc0c48df8c91d823z-1
95,"MacBook Air With 13.3-inch Retina Display, Core i5 Processor/10th Gen/macOS/8GB RAM/512 GB SSD/Intel Iris Plus Graphics With English Keyboard-2020 Gold English Gold",https://www.noon.com/saudi-en/macbook-air-with-13-3-inch-retina-display-core-i5-processor-10th-gen-macos-8gb-ram-512-gb-ssd-intel-iris-plus-graphics-with-english-keyboard-2020-gold-english-gold/N36062336A/p/?o=f5a2f63a5155b11c
96,Galaxy Tab S8 Graphite 8GB RAM 128GB 5G - Middle East Version,https://www.noon.com/saudi-en/galaxy-tab-s8-graphite-8gb-ram-128gb-5g-middle-east-version/N52535568A/p/?o=c52ad9141f39b82f
97,"Inspiron 14 5410 Convertible Laptop With 14 Inch FHD Touchscreen Display, 11th Gen Intel Core i3-1125G4/ 256GB SSD/ 4 GB RAM/ Intel UHD Graphics/ Win 10 Home/ Eng Ar KB English/Arabic Silver",https://www.noon.com/saudi-en/inspiron-14-5410-convertible-laptop-with-14-inch-fhd-touchscreen-display-11th-gen-intel-core-i3-1125g4-256gb-ssd-4-gb-ram-intel-uhd-graphics-win-10-home-eng-ar-kb-english-arabic-silver/N50226701A/p/?o=b790305fc48a2d2e
98,AirPods (3rd generation) with Lightning Charging Case White,https://www.noon.com/saudi-en/airpods-3rd-generation-with-lightning-charging-case-white/N53349332A/p/?o=acdf2eca6d2afd9c
99,EOS 5D Mark IV DSLR Camera With EF 24-105mm IS USM Lens Fast Versatile Full Frame Camera 30.4 MP 4K Wi-Fi GPS,https://www.noon.com/saudi-en/eos-5d-mark-iv-dslr-camera-with-ef-24-105mm-is-usm-lens-fast-versatile-full-frame-camera-30-4-mp-4k-wi-fi-gps/N13299769A/p/?o=ae440035122d245e
100,"65-Inch 4K UHD Google TV, Smart TV, Dolby vision, Dolby atmos, Google assistant, In-built chromecast and premium streaming channels Model ( 2023 ) 65P637 Black",https://www.noon.com/saudi-en/65-inch-4k-uhd-google-tv-smart-tv-dolby-vision-dolby-atmos-google-assistant-in-built-chromecast-and-premium-streaming-channels-model-2023-65p637-black/N53362855A/p/?o=be83f5f423e3b68d
101,Band 6 All-Day SPO2 Monitoring Fullview Display 2 Weeks Battery Life 1.47 inch Graphite Black,https://www.noon.com/saudi-en/band-6-all-day-spo2-monitoring-fullview-display-2-weeks-battery-life-1-47-inch-graphite-black/N46954808A/p/?o=c0bca8a9176c08af
102,PlayStation 5 With Blu-Ray Disc Version (New Model) - Official KSA Version,https://www.noon.com/saudi-en/playstation-5-with-blu-ray-disc-version-new-model-official-ksa-version/N70022608V/p/?o=a2e071547d90cb4e
103,iPhone 15 Pro Max 256GB Black Titanium 5G With FaceTime - Middle East Version,https://www.noon.com/saudi-en/iphone-15-pro-max-256gb-black-titanium-5g-with-facetime-middle-east-version/N53432493A/p/?o=ea494d7c3358a48d
104,Galaxy S23 Ultra 5G Dual SIM Phantom Black 12GB RAM 256GB - International Version,https://www.noon.com/saudi-en/galaxy-s23-ultra-5g-dual-sim-phantom-black-12gb-ram-256gb-international-version/N53379147A/p/?o=ffa06254b074517d
105,"ZIPFORCE True Wireless Earbuds, in-Ear Bluetooth 5.3 Headphones, Bluetooth Earbuds Touch Control 30 Playtime, IPX5 Waterproof TWS, Light-Weight Earphones",https://www.noon.com/saudi-en/zipforce-true-wireless-earbuds-in-ear-bluetooth-5-3-headphones-bluetooth-earbuds-touch-control-30-playtime-ipx5-waterproof-tws-light-weight-earphones/ZDFD9FC0C48DF8C91D823Z/p/?o=zdfd9fc0c48df8c91d823z-1
106,"MacBook Air With 13.3-inch Retina Display, Core i5 Processor/10th Gen/macOS/8GB RAM/512 GB SSD/Intel Iris Plus Graphics With English Keyboard-2020 Gold English Gold",https://www.noon.com/saudi-en/macbook-air-with-13-3-inch-retina-display-core-i5-processor-10th-gen-macos-8gb-ram-512-gb-ssd-intel-iris-plus-graphics-with-english-keyboard-2020-gold-english-gold/N36062336A/p/?o=f5a2f63a5155b11c
107,Galaxy Tab S8 Graphite 8GB RAM 128GB 5G - Middle East Version,https://www.noon.com/saudi-en/galaxy-tab-s8-graphite-8gb-ram-128gb-5g-middle-east-version/N52535568A/p/?o=c52ad9141f39b82f
108,"Inspiron 14 5410 Convertible Laptop With 14 Inch FHD Touchscreen Display, 11th Gen Intel Core i3-1125G4/ 256GB SSD/ 4 GB RAM/ Intel UHD Graphics/ Win 10 Home/ Eng Ar KB English/Arabic Silver",https://www.noon.com/saudi-en/inspiron-14-5410-convertible-laptop-with-14-inch-fhd-touchscreen-display-11th-gen-intel-core-i3-1125g4-256gb-ssd-4-gb-ram-intel-uhd-graphics-win-10-home-eng-ar-kb-english-arabic-silver/N50226701A/p/?o=b790305fc48a2d2e
109,AirPods (3rd generation) with Lightning Charging Case White,https://www.noon.com/saudi-en/airpods-3rd-generation-with-lightning-charging-case-white/N53349332A/p/?o=acdf2eca6d2afd9c
110,EOS 5D Mark IV DSLR Camera With EF 24-105mm IS USM Lens Fast Versatile Full Frame Camera 30.4 MP 4K Wi-Fi GPS,https://www.noon.com/saudi-en/eos-5d-mark-iv-dslr-camera-with-ef-24-105mm-is-usm-lens-fast-versatile-full-frame-camera-30-4-mp-4k-wi-fi-gps/N13299769A/p/?o=ae440035122d245e
111,"65-Inch 4K UHD Google TV, Smart TV, Dolby vision, Dolby atmos, Google assistant, In-built chromecast and premium streaming channels Model ( 2023 ) 65P637 Black",https://www.noon.com/saudi-en/65-inch-4k-uhd-google-tv-smart-tv-dolby-vision-dolby-atmos-google-assistant-in-built-chromecast-and-premium-streaming-channels-model-2023-65p637-black/N53362855A/p/?o=be83f5f423e3b68d
112,Band 6 All-Day SPO2 Monitoring Fullview Display 2 Weeks Battery Life 1.47 inch Graphite Black,https://www.noon.com/saudi-en/band-6-all-day-spo2-monitoring-fullview-display-2-weeks-battery-life-1-47-inch-graphite-black/N46954808A/p/?o=c0bca8a9176c08af
113,PlayStation 5 With Blu-Ray Disc Version (New Model) - Official KSA Version,https://www.noon.com/saudi-en/playstation-5-with-blu-ray-disc-version-new-model-official-ksa-version/N70022608V/p/?o=a2e071547d90cb4e
114,Flip 6 Portable Waterproof Speaker Black,https://www.noon.com/saudi-en/flip-6-portable-waterproof-speaker-black/N52103168A/p/?o=d5f6408d0cf41c5c
115,iPhone 15 Pro Max 256GB Black Titanium 5G With FaceTime - Middle East Version,https://www.noon.com/saudi-en/iphone-15-pro-max-256gb-black-titanium-5g-with-facetime-middle-east-version/N53432493A/p/?o=ea494d7c3358a48d
116,Galaxy S23 Ultra 5G Dual SIM Phantom Black 12GB RAM 256GB - International Version,https://www.noon.com/saudi-en/galaxy-s23-ultra-5g-dual-sim-phantom-black-12gb-ram-256gb-international-version/N53379147A/p/?o=ffa06254b074517d
117,"ZIPFORCE True Wireless Earbuds, in-Ear Bluetooth 5.3 Headphones, Bluetooth Earbuds Touch Control 30 Playtime, IPX5 Waterproof TWS, Light-Weight Earphones",https://www.noon.com/saudi-en/zipforce-true-wireless-earbuds-in-ear-bluetooth-5-3-headphones-bluetooth-earbuds-touch-control-30-playtime-ipx5-waterproof-tws-light-weight-earphones/ZDFD9FC0C48DF8C91D823Z/p/?o=zdfd9fc0c48df8c91d823z-1
118,"MacBook Air With 13.3-inch Retina Display, Core i5 Processor/10th Gen/macOS/8GB RAM/512 GB SSD/Intel Iris Plus Graphics With English Keyboard-2020 Gold English Gold",https://www.noon.com/saudi-en/macbook-air-with-13-3-inch-retina-display-core-i5-processor-10th-gen-macos-8gb-ram-512-gb-ssd-intel-iris-plus-graphics-with-english-keyboard-2020-gold-english-gold/N36062336A/p/?o=f5a2f63a5155b11c
119,Galaxy Tab S8 Graphite 8GB RAM 128GB 5G - Middle East Version,https://www.noon.com/saudi-en/galaxy-tab-s8-graphite-8gb-ram-128gb-5g-middle-east-version/N52535568A/p/?o=c52ad9141f39b82f
120,"Inspiron 14 5410 Convertible Laptop With 14 Inch FHD Touchscreen Display, 11th Gen Intel Core i3-1125G4/ 256GB SSD/ 4 GB RAM/ Intel UHD Graphics/ Win 10 Home/ Eng Ar KB English/Arabic Silver",https://www.noon.com/saudi-en/inspiron-14-5410-convertible-laptop-with-14-inch-fhd-touchscreen-display-11th-gen-intel-core-i3-1125g4-256gb-ssd-4-gb-ram-intel-uhd-graphics-win-10-home-eng-ar-kb-english-arabic-silver/N50226701A/p/?o=b790305fc48a2d2e
121,AirPods (3rd generation) with Lightning Charging Case White,https://www.noon.com/saudi-en/airpods-3rd-generation-with-lightning-charging-case-white/N53349332A/p/?o=acdf2eca6d2afd9c
122,EOS 5D Mark IV DSLR Camera With EF 24-105mm IS USM Lens Fast Versatile Full Frame Camera 30.4 MP 4K Wi-Fi GPS,https://www.noon.com/saudi-en/eos-5d-mark-iv-dslr-camera-with-ef-24-105mm-is-usm-lens-fast-versatile-full-frame-camera-30-4-mp-4k-wi-fi-gps/N13299769A/p/?o=ae440035122d245e
123,"65-Inch 4K UHD Google TV, Smart TV, Dolby vision, Dolby atmos, Google assistant, In-built chromecast and premium streaming channels Model ( 2023 ) 65P637 Black",https://www.noon.com/saudi-en/65-inch-4k-uhd-google-tv-smart-tv-dolby-vision-dolby-atmos-google-assistant-in-built-chromecast-and-premium-streaming-channels-model-2023-65p637-black/N53362855A/p/?o=be83f5f423e3b68d
124,Band 6 All-Day SPO2 Monitoring Fullview Display 2 Weeks Battery Life 1.47 inch Graphite Black,https://www.noon.com/saudi-en/band-6-all-day-spo2-monitoring-fullview-display-2-weeks-battery-life-1-47-inch-graphite-black/N46954808A/p/?o=c0bca8a9176c08af
125,PlayStation 5 With Blu-Ray Disc Version (New Model) - Official KSA Version,https://www.noon.com/saudi-en/playstation-5-with-blu-ray-disc-version-new-model-official-ksa-version/N70022608V/p/?o=a2e071547d90cb4e
126,Flip 6 Portable Waterproof Speaker Black,https://www.noon.com/saudi-en/flip-6-portable-waterproof-speaker-black/N52103168A/p/?o=d5f6408d0cf41c5c
127,iPhone 15 Pro Max 256GB Black Titanium 5G With FaceTime - Middle East Version,https://www.noon.com/saudi-en/iphone-15-pro-max-256gb-black-titanium-5g-with-facetime-middle-east-version/N53432493A/p/?o=ea494d7c3358a48d
128,Galaxy S23 Ultra 5G Dual SIM Phantom Black 12GB RAM 256GB - International Version,https://www.noon.com/saudi-en/galaxy-s23-ultra-5g-dual-sim-phantom-black-12gb-ram-256gb-international-version/N53379147A/p/?o=ffa06254b074517d
129,"ZIPFORCE True Wireless Earbuds, in-Ear Bluetooth 5.3 Headphones, Bluetooth Earbuds Touch Control 30 Playtime, IPX5 Waterproof TWS, Light-Weight Earphones",https://www.noon.com/saudi-en/zipforce-true-wireless-earbuds-in-ear-bluetooth-5-3-headphones-bluetooth-earbuds-touch-control-30-playtime-ipx5-waterproof-tws-light-weight-earphones/ZDFD9FC0C48DF8C91D823Z/p/?o=zdfd9fc0c48df8c91d823z-1
130,"MacBook Air With 13.3-inch Retina Display, Core i5 Processor/10th Gen/macOS/8GB RAM/512 GB SSD/Intel Iris Plus Graphics With English Keyboard-2020 Gold English Gold",https://www.noon.com/saudi-en/macbook-air-with-13-3-inch-retina-display-core-i5-processor-10th-gen-macos-8gb-ram-512-gb-ssd-intel-iris-plus-graphics-with-english-keyboard-2020-gold-english-gold/N36062336A/p/?o=f5a2f63a5155b11c
131,Galaxy Tab S8 Graphite 8GB RAM 128GB 5G - Middle East Version,https://www.noon.com/saudi-en/galaxy-tab-s8-graphite-8gb-ram-128gb-5g-middle-east-version/N52535568A/p/?o=c52ad9141f39b82f
132,"Inspiron 14 5410 Convertible Laptop With 14 Inch FHD Touchscreen Display, 11th Gen Intel Core i3-1125G4/ 256GB SSD/ 4 GB RAM/ Intel UHD Graphics/ Win 10 Home/ Eng Ar KB English/Arabic Silver",https://www.noon.com/saudi-en/inspiron-14-5410-convertible-laptop-with-14-inch-fhd-touchscreen-display-11th-gen-intel-core-i3-1125g4-256gb-ssd-4-gb-ram-intel-uhd-graphics-win-10-home-eng-ar-kb-english-arabic-silver/N50226701A/p/?o=b790305fc48a2d2e
133,AirPods (3rd generation) with Lightning Charging Case White,https://www.noon.com/saudi-en/airpods-3rd-generation-with-lightning-charging-case-white/N53349332A/p/?o=acdf2eca6d2afd9c
134,EOS 5D Mark IV DSLR Camera With EF 24-105mm IS USM Lens Fast Versatile Full Frame Camera 30.4 MP 4K Wi-Fi GPS,https://www.noon.com/saudi-en/eos-5d-mark-iv-dslr-camera-with-ef-24-105mm-is-usm-lens-fast-versatile-full-frame-camera-30-4-mp-4k-wi-fi-gps/N13299769A/p/?o=ae440035122d245e
135,"65-Inch 4K UHD Google TV, Smart TV, Dolby vision, Dolby atmos, Google assistant, In-built chromecast and premium streaming channels Model ( 2023 ) 65P637 Black",https://www.noon.com/saudi-en/65-inch-4k-uhd-google-tv-smart-tv-dolby-vision-dolby-atmos-google-assistant-in-built-chromecast-and-premium-streaming-channels-model-2023-65p637-black/N53362855A/p/?o=be83f5f423e3b68d
136,Band 6 All-Day SPO2 Monitoring Fullview Display 2 Weeks Battery Life 1.47 inch Graphite Black,https://www.noon.com/saudi-en/band-6-all-day-spo2-monitoring-fullview-display-2-weeks-battery-life-1-47-inch-graphite-black/N46954808A/p/?o=c0bca8a9176c08af
137,PlayStation 5 With Blu-Ray Disc Version (New Model) - Official KSA Version,https://www.noon.com/saudi-en/playstation-5-with-blu-ray-disc-version-new-model-official-ksa-version/N70022608V/p/?o=a2e071547d90cb4e
138,Flip 6 Portable Waterproof Speaker Black,https://www.noon.com/saudi-en/flip-6-portable-waterproof-speaker-black/N52103168A/p/?o=d5f6408d0cf41c5c
139,20000mAh High-Speed Charging Technology Powerbank 18 watt Black,https://www.noon.com/saudi-en/20000mah-high-speed-charging-technology-powerbank-18-watt-black/N43785642A/p/?o=c7ce75c5e275ac9e
140,iPad 2022 (10th Generation) 10.9-inch 64GB WiFi Silver - International Version,https://www.noon.com/saudi-en/ipad-2022-10th-generation-10-9-inch-64gb-wifi-silver-international-version/N53359870A/p/?o=b20b57f27aee378a
141,iPhone 15 Pro Max 256GB Black Titanium 5G With FaceTime - Middle East Version,https://www.noon.com/saudi-en/iphone-15-pro-max-256gb-black-titanium-5g-with-facetime-middle-east-version/N53432493A/p/?o=ea494d7c3358a48d
142,Galaxy S23 Ultra 5G Dual SIM Phantom Black 12GB RAM 256GB - International Version,https://www.noon.com/saudi-en/galaxy-s23-ultra-5g-dual-sim-phantom-black-12gb-ram-256gb-international-version/N53379147A/p/?o=ffa06254b074517d
143,"ZIPFORCE True Wireless Earbuds, in-Ear Bluetooth 5.3 Headphones, Bluetooth Earbuds Touch Control 30 Playtime, IPX5 Waterproof TWS, Light-Weight Earphones",https://www.noon.com/saudi-en/zipforce-true-wireless-earbuds-in-ear-bluetooth-5-3-headphones-bluetooth-earbuds-touch-control-30-playtime-ipx5-waterproof-tws-light-weight-earphones/ZDFD9FC0C48DF8C91D823Z/p/?o=zdfd9fc0c48df8c91d823z-1
144,"MacBook Air With 13.3-inch Retina Display, Core i5 Processor/10th Gen/macOS/8GB RAM/512 GB SSD/Intel Iris Plus Graphics With English Keyboard-2020 Gold English Gold",https://www.noon.com/saudi-en/macbook-air-with-13-3-inch-retina-display-core-i5-processor-10th-gen-macos-8gb-ram-512-gb-ssd-intel-iris-plus-graphics-with-english-keyboard-2020-gold-english-gold/N36062336A/p/?o=f5a2f63a5155b11c
145,Galaxy Tab S8 Graphite 8GB RAM 128GB 5G - Middle East Version,https://www.noon.com/saudi-en/galaxy-tab-s8-graphite-8gb-ram-128gb-5g-middle-east-version/N52535568A/p/?o=c52ad9141f39b82f
146,"Inspiron 14 5410 Convertible Laptop With 14 Inch FHD Touchscreen Display, 11th Gen Intel Core i3-1125G4/ 256GB SSD/ 4 GB RAM/ Intel UHD Graphics/ Win 10 Home/ Eng Ar KB English/Arabic Silver",https://www.noon.com/saudi-en/inspiron-14-5410-convertible-laptop-with-14-inch-fhd-touchscreen-display-11th-gen-intel-core-i3-1125g4-256gb-ssd-4-gb-ram-intel-uhd-graphics-win-10-home-eng-ar-kb-english-arabic-silver/N50226701A/p/?o=b790305fc48a2d2e
147,AirPods (3rd generation) with Lightning Charging Case White,https://www.noon.com/saudi-en/airpods-3rd-generation-with-lightning-charging-case-white/N53349332A/p/?o=acdf2eca6d2afd9c
148,EOS 5D Mark IV DSLR Camera With EF 24-105mm IS USM Lens Fast Versatile Full Frame Camera 30.4 MP 4K Wi-Fi GPS,https://www.noon.com/saudi-en/eos-5d-mark-iv-dslr-camera-with-ef-24-105mm-is-usm-lens-fast-versatile-full-frame-camera-30-4-mp-4k-wi-fi-gps/N13299769A/p/?o=ae440035122d245e
149,"65-Inch 4K UHD Google TV, Smart TV, Dolby vision, Dolby atmos, Google assistant, In-built chromecast and premium streaming channels Model ( 2023 ) 65P637 Black",https://www.noon.com/saudi-en/65-inch-4k-uhd-google-tv-smart-tv-dolby-vision-dolby-atmos-google-assistant-in-built-chromecast-and-premium-streaming-channels-model-2023-65p637-black/N53362855A/p/?o=be83f5f423e3b68d
150,Band 6 All-Day SPO2 Monitoring Fullview Display 2 Weeks Battery Life 1.47 inch Graphite Black,https://www.noon.com/saudi-en/band-6-all-day-spo2-monitoring-fullview-display-2-weeks-battery-life-1-47-inch-graphite-black/N46954808A/p/?o=c0bca8a9176c08af
151,PlayStation 5 With Blu-Ray Disc Version (New Model) - Official KSA Version,https://www.noon.com/saudi-en/playstation-5-with-blu-ray-disc-version-new-model-official-ksa-version/N70022608V/p/?o=a2e071547d90cb4e
152,Flip 6 Portable Waterproof Speaker Black,https://www.noon.com/saudi-en/flip-6-portable-waterproof-speaker-black/N52103168A/p/?o=d5f6408d0cf41c5c
153,20000mAh High-Speed Charging Technology Powerbank 18 watt Black,https://www.noon.com/saudi-en/20000mah-high-speed-charging-technology-powerbank-18-watt-black/N43785642A/p/?o=c7ce75c5e275ac9e
154,iPad 2022 (10th Generation) 10.9-inch 64GB WiFi Silver - International Version,https://www.noon.com/saudi-en/ipad-2022-10th-generation-10-9-inch-64gb-wifi-silver-international-version/N53359870A/p/?o=b20b57f27aee378a
155,iPhone 15 Pro Max 256GB Black Titanium 5G With FaceTime - Middle East Version,https://www.noon.com/saudi-en/iphone-15-pro-max-256gb-black-titanium-5g-with-facetime-middle-east-version/N53432493A/p/?o=ea494d7c3358a48d
156,Galaxy S23 Ultra 5G Dual SIM Phantom Black 12GB RAM 256GB - International Version,https://www.noon.com/saudi-en/galaxy-s23-ultra-5g-dual-sim-phantom-black-12gb-ram-256gb-international-version/N53379147A/p/?o=ffa06254b074517d
157,"ZIPFORCE True Wireless Earbuds, in-Ear Bluetooth 5.3 Headphones, Bluetooth Earbuds Touch Control 30 Playtime, IPX5 Waterproof TWS, Light-Weight Earphones",https://www.noon.com/saudi-en/zipforce-true-wireless-earbuds-in-ear-bluetooth-5-3-headphones-bluetooth-earbuds-touch-control-30-playtime-ipx5-waterproof-tws-light-weight-earphones/ZDFD9FC0C48DF8C91D823Z/p/?o=zdfd9fc0c48df8c91d823z-1
158,"MacBook Air With 13.3-inch Retina Display, Core i5 Processor/10th Gen/macOS/8GB RAM/512 GB SSD/Intel Iris Plus Graphics With English Keyboard-2020 Gold English Gold",https://www.noon.com/saudi-en/macbook-air-with-13-3-inch-retina-display-core-i5-processor-10th-gen-macos-8gb-ram-512-gb-ssd-intel-iris-plus-graphics-with-english-keyboard-2020-gold-english-gold/N36062336A/p/?o=f5a2f63a5155b11c
159,Galaxy Tab S8 Graphite 8GB RAM 128GB 5G - Middle East Version,https://www.noon.com/saudi-en/galaxy-tab-s8-graphite-8gb-ram-128gb-5g-middle-east-version/N52535568A/p/?o=c52ad9141f39b82f
160,"Inspiron 14 5410 Convertible Laptop With 14 Inch FHD Touchscreen Display, 11th Gen Intel Core i3-1125G4/ 256GB SSD/ 4 GB RAM/ Intel UHD Graphics/ Win 10 Home/ Eng Ar KB English/Arabic Silver",https://www.noon.com/saudi-en/inspiron-14-5410-convertible-laptop-with-14-inch-fhd-touchscreen-display-11th-gen-intel-core-i3-1125g4-256gb-ssd-4-gb-ram-intel-uhd-graphics-win-10-home-eng-ar-kb-english-arabic-silver/N50226701A/p/?o=b790305fc48a2d2e
161,AirPods (3rd generation) with Lightning Charging Case White,https://www.noon.com/saudi-en/airpods-3rd-generation-with-lightning-charging-case-white/N53349332A/p/?o=acdf2eca6d2afd9c
162,EOS 5D Mark IV DSLR Camera With EF 24-105mm IS USM Lens Fast Versatile Full Frame Camera 30.4 MP 4K Wi-Fi GPS,https://www.noon.com/saudi-en/eos-5d-mark-iv-dslr-camera-with-ef-24-105mm-is-usm-lens-fast-versatile-full-frame-camera-30-4-mp-4k-wi-fi-gps/N13299769A/p/?o=ae440035122d245e
163,"65-Inch 4K UHD Google TV, Smart TV, Dolby vision, Dolby atmos, Google assistant, In-built chromecast and premium streaming channels Model ( 2023 ) 65P637 Black",https://www.noon.com/saudi-en/65-inch-4k-uhd-google-tv-smart-tv-dolby-vision-dolby-atmos-google-assistant-in-built-chromecast-and-premium-streaming-channels-model-2023-65p637-black/N53362855A/p/?o=be83f5f423e3b68d
164,Band 6 All-Day SPO2 Monitoring Fullview Display 2 Weeks Battery Life 1.47 inch Graphite Black,https://www.noon.com/saudi-en/band-6-all-day-spo2-monitoring-fullview-display-2-weeks-battery-life-1-47-inch-graphite-black/N46954808A/p/?o=c0bca8a9176c08af
165,PlayStation 5 With Blu-Ray Disc Version (New Model) - Official KSA Version,https://www.noon.com/saudi-en/playstation-5-with-blu-ray-disc-version-new-model-official-ksa-version/N70022608V/p/?o=a2e071547d90cb4e
166,Flip 6 Portable Waterproof Speaker Black,https://www.noon.com/saudi-en/flip-6-portable-waterproof-speaker-black/N52103168A/p/?o=d5f6408d0cf41c5c
167,20000mAh High-Speed Charging Technology Powerbank 18 watt Black,https://www.noon.com/saudi-en/20000mah-high-speed-charging-technology-powerbank-18-watt-black/N43785642A/p/?o=c7ce75c5e275ac9e
168,iPad 2022 (10th Generation) 10.9-inch 64GB WiFi Silver - International Version,https://www.noon.com/saudi-en/ipad-2022-10th-generation-10-9-inch-64gb-wifi-silver-international-version/N53359870A/p/?o=b20b57f27aee378a
170,iPhone 15 Pro Max 256GB Black Titanium 5G With FaceTime - Middle East Version,https://www.noon.com/saudi-en/iphone-15-pro-max-256gb-black-titanium-5g-with-facetime-middle-east-version/N53432493A/p/?o=ea494d7c3358a48d
171,Galaxy S23 Ultra 5G Dual SIM Phantom Black 12GB RAM 256GB - International Version,https://www.noon.com/saudi-en/galaxy-s23-ultra-5g-dual-sim-phantom-black-12gb-ram-256gb-international-version/N53379147A/p/?o=ffa06254b074517d
172,"ZIPFORCE True Wireless Earbuds, in-Ear Bluetooth 5.3 Headphones, Bluetooth Earbuds Touch Control 30 Playtime, IPX5 Waterproof TWS, Light-Weight Earphones",https://www.noon.com/saudi-en/zipforce-true-wireless-earbuds-in-ear-bluetooth-5-3-headphones-bluetooth-earbuds-touch-control-30-playtime-ipx5-waterproof-tws-light-weight-earphones/ZDFD9FC0C48DF8C91D823Z/p/?o=zdfd9fc0c48df8c91d823z-1
173,"MacBook Air With 13.3-inch Retina Display, Core i5 Processor/10th Gen/macOS/8GB RAM/512 GB SSD/Intel Iris Plus Graphics With English Keyboard-2020 Gold English Gold",https://www.noon.com/saudi-en/macbook-air-with-13-3-inch-retina-display-core-i5-processor-10th-gen-macos-8gb-ram-512-gb-ssd-intel-iris-plus-graphics-with-english-keyboard-2020-gold-english-gold/N36062336A/p/?o=f5a2f63a5155b11c
174,Galaxy Tab S8 Graphite 8GB RAM 128GB 5G - Middle East Version,https://www.noon.com/saudi-en/galaxy-tab-s8-graphite-8gb-ram-128gb-5g-middle-east-version/N52535568A/p/?o=c52ad9141f39b82f
175,"Inspiron 14 5410 Convertible Laptop With 14 Inch FHD Touchscreen Display, 11th Gen Intel Core i3-1125G4/ 256GB SSD/ 4 GB RAM/ Intel UHD Graphics/ Win 10 Home/ Eng Ar KB English/Arabic Silver",https://www.noon.com/saudi-en/inspiron-14-5410-convertible-laptop-with-14-inch-fhd-touchscreen-display-11th-gen-intel-core-i3-1125g4-256gb-ssd-4-gb-ram-intel-uhd-graphics-win-10-home-eng-ar-kb-english-arabic-silver/N50226701A/p/?o=b790305fc48a2d2e
176,AirPods (3rd generation) with Lightning Charging Case White,https://www.noon.com/saudi-en/airpods-3rd-generation-with-lightning-charging-case-white/N53349332A/p/?o=acdf2eca6d2afd9c
177,EOS 5D Mark IV DSLR Camera With EF 24-105mm IS USM Lens Fast Versatile Full Frame Camera 30.4 MP 4K Wi-Fi GPS,https://www.noon.com/saudi-en/eos-5d-mark-iv-dslr-camera-with-ef-24-105mm-is-usm-lens-fast-versatile-full-frame-camera-30-4-mp-4k-wi-fi-gps/N13299769A/p/?o=ae440035122d245e
178,"65-Inch 4K UHD Google TV, Smart TV, Dolby vision, Dolby atmos, Google assistant, In-built chromecast and premium streaming channels Model ( 2023 ) 65P637 Black",https://www.noon.com/saudi-en/65-inch-4k-uhd-google-tv-smart-tv-dolby-vision-dolby-atmos-google-assistant-in-built-chromecast-and-premium-streaming-channels-model-2023-65p637-black/N53362855A/p/?o=be83f5f423e3b68d
179,Band 6 All-Day SPO2 Monitoring Fullview Display 2 Weeks Battery Life 1.47 inch Graphite Black,https://www.noon.com/saudi-en/band-6-all-day-spo2-monitoring-fullview-display-2-weeks-battery-life-1-47-inch-graphite-black/N46954808A/p/?o=c0bca8a9176c08af
180,PlayStation 5 With Blu-Ray Disc Version (New Model) - Official KSA Version,https://www.noon.com/saudi-en/playstation-5-with-blu-ray-disc-version-new-model-official-ksa-version/N70022608V/p/?o=a2e071547d90cb4e
181,Flip 6 Portable Waterproof Speaker Black,https://www.noon.com/saudi-en/flip-6-portable-waterproof-speaker-black/N52103168A/p/?o=d5f6408d0cf41c5c
182,20000mAh High-Speed Charging Technology Powerbank 18 watt Black,https://www.noon.com/saudi-en/20000mah-high-speed-charging-technology-powerbank-18-watt-black/N43785642A/p/?o=c7ce75c5e275ac9e
183,iPad 2022 (10th Generation) 10.9-inch 64GB WiFi Silver - International Version,https://www.noon.com/saudi-en/ipad-2022-10th-generation-10-9-inch-64gb-wifi-silver-international-version/N53359870A/p/?o=b20b57f27aee378a
184,Apple iPhone 15 Pro Max,https://www.jarir.com/sa-en/default-category/apple-iphone-15-pro-max-smartphones-623606.html
185,Samsung Galaxy S23 Ultra,https://www.jarir.com/sa-en/default-category/samsung-galaxy-s23-ultra-smartphones-606986.html
186,"Apple iPhone 15 Pro Max, 5G, 6.7-inch, 256GB, Natural Titanium",https://www.extra.com/en-sa/mobiles-tablets/mobiles/smartphone/apple-iphone-15-pro-max-5g-6-7-inch-256gb-natural-titanium/p/100345839
187,Redmi Note 13 Dual SIM Chromatic Purple 8GB RAM 256GB 5G - Global Version,https://www.noon.com/saudi-en/redmi-note-13-dual-sim-chromatic-purple-8gb-ram-256gb-5g-global-version/N70094401V/p/?o=f1f56a1ea33f308c
188,iPhone 15 Pro Max 256GB Black Titanium 5G With FaceTime - Middle East Version,https://www.noon.com/saudi-en/iphone-15-pro-max-256gb-black-titanium-5g-with-facetime-middle-east-version/N53432493A/p/?o=ea494d7c3358a48d
189,Galaxy S23 Ultra 5G Dual SIM Phantom Black 12GB RAM 256GB - International Version,https://www.noon.com/saudi-en/galaxy-s23-ultra-5g-dual-sim-phantom-black-12gb-ram-256gb-international-version/N53379147A/p/?o=ffa06254b074517d
190,"ZIPFORCE True Wireless Earbuds, in-Ear Bluetooth 5.3 Headphones, Bluetooth Earbuds Touch Control 30 Playtime, IPX5 Waterproof TWS, Light-Weight Earphones",https://www.noon.com/saudi-en/zipforce-true-wireless-earbuds-in-ear-bluetooth-5-3-headphones-bluetooth-earbuds-touch-control-30-playtime-ipx5-waterproof-tws-light-weight-earphones/ZDFD9FC0C48DF8C91D823Z/p/?o=zdfd9fc0c48df8c91d823z-1
191,"MacBook Air With 13.3-inch Retina Display, Core i5 Processor/10th Gen/macOS/8GB RAM/512 GB SSD/Intel Iris Plus Graphics With English Keyboard-2020 Gold English Gold",https://www.noon.com/saudi-en/macbook-air-with-13-3-inch-retina-display-core-i5-processor-10th-gen-macos-8gb-ram-512-gb-ssd-intel-iris-plus-graphics-with-english-keyboard-2020-gold-english-gold/N36062336A/p/?o=f5a2f63a5155b11c
192,Galaxy Tab S8 Graphite 8GB RAM 128GB 5G - Middle East Version,https://www.noon.com/saudi-en/galaxy-tab-s8-graphite-8gb-ram-128gb-5g-middle-east-version/N52535568A/p/?o=c52ad9141f39b82f
193,"Inspiron 14 5410 Convertible Laptop With 14 Inch FHD Touchscreen Display, 11th Gen Intel Core i3-1125G4/ 256GB SSD/ 4 GB RAM/ Intel UHD Graphics/ Win 10 Home/ Eng Ar KB English/Arabic Silver",https://www.noon.com/saudi-en/inspiron-14-5410-convertible-laptop-with-14-inch-fhd-touchscreen-display-11th-gen-intel-core-i3-1125g4-256gb-ssd-4-gb-ram-intel-uhd-graphics-win-10-home-eng-ar-kb-english-arabic-silver/N50226701A/p/?o=b790305fc48a2d2e
194,AirPods (3rd generation) with Lightning Charging Case White,https://www.noon.com/saudi-en/airpods-3rd-generation-with-lightning-charging-case-white/N53349332A/p/?o=acdf2eca6d2afd9c
195,EOS 5D Mark IV DSLR Camera With EF 24-105mm IS USM Lens Fast Versatile Full Frame Camera 30.4 MP 4K Wi-Fi GPS,https://www.noon.com/saudi-en/eos-5d-mark-iv-dslr-camera-with-ef-24-105mm-is-usm-lens-fast-versatile-full-frame-camera-30-4-mp-4k-wi-fi-gps/N13299769A/p/?o=ae440035122d245e
196,"65-Inch 4K UHD Google TV, Smart TV, Dolby vision, Dolby atmos, Google assistant, In-built chromecast and premium streaming channels Model ( 2023 ) 65P637 Black",https://www.noon.com/saudi-en/65-inch-4k-uhd-google-tv-smart-tv-dolby-vision-dolby-atmos-google-assistant-in-built-chromecast-and-premium-streaming-channels-model-2023-65p637-black/N53362855A/p/?o=be83f5f423e3b68d
197,Band 6 All-Day SPO2 Monitoring Fullview Display 2 Weeks Battery Life 1.47 inch Graphite Black,https://www.noon.com/saudi-en/band-6-all-day-spo2-monitoring-fullview-display-2-weeks-battery-life-1-47-inch-graphite-black/N46954808A/p/?o=c0bca8a9176c08af
198,PlayStation 5 With Blu-Ray Disc Version (New Model) - Official KSA Version,https://www.noon.com/saudi-en/playstation-5-with-blu-ray-disc-version-new-model-official-ksa-version/N70022608V/p/?o=a2e071547d90cb4e
199,Flip 6 Portable Waterproof Speaker Black,https://www.noon.com/saudi-en/flip-6-portable-waterproof-speaker-black/N52103168A/p/?o=d5f6408d0cf41c5c
200,20000mAh High-Speed Charging Technology Powerbank 18 watt Black,https://www.noon.com/saudi-en/20000mah-high-speed-charging-technology-powerbank-18-watt-black/N43785642A/p/?o=c7ce75c5e275ac9e
201,iPad 2022 (10th Generation) 10.9-inch 64GB WiFi Silver - International Version,https://www.noon.com/saudi-en/ipad-2022-10th-generation-10-9-inch-64gb-wifi-silver-international-version/N53359870A/p/?o=b20b57f27aee378a
202,Apple iPhone 15 Pro Max,https://www.jarir.com/sa-en/default-category/apple-iphone-15-pro-max-smartphones-623606.html
203,Samsung Galaxy S23 Ultra,https://www.jarir.com/sa-en/default-category/samsung-galaxy-s23-ultra-smartphones-606986.html
204,"Apple iPhone 15 Pro Max, 5G, 6.7-inch, 256GB, Natural Titanium",https://www.extra.com/en-sa/mobiles-tablets/mobiles/smartphone/apple-iphone-15-pro-max-5g-6-7-inch-256gb-natural-titanium/p/100345839
205,Redmi Note 13 Dual SIM Chromatic Purple 8GB RAM 256GB 5G - Global Version,https://www.noon.com/saudi-en/redmi-note-13-dual-sim-chromatic-purple-8gb-ram-256gb-5g-global-version/N70094401V/p/?o=f1f56a1ea33f308c
206,DISQUE DUR INTERNE SSD ADATA ASX6000 LITE 256GB PCIE 3D NAND PCIE GEN,https://www.tunisianet.com.tn/disques-ssd/73444-disque-dur-interne-ssd-adata-asx6000-lite-256gb-pcie-3d-nand-pcie-gen.html
207,CL USB TEAM GROUP C212 1TO USB 3.2 - NOIR,https://www.mytek.tn/cle-usb-team-group-c212-1to-usb-3-2-noir.html
208,iPhone 15 Pro Max 256GB Black Titanium 5G With FaceTime - Middle East Version,https://www.noon.com/saudi-en/iphone-15-pro-max-256gb-black-titanium-5g-with-facetime-middle-east-version/N53432493A/p/?o=ea494d7c3358a48d
209,Galaxy S23 Ultra 5G Dual SIM Phantom Black 12GB RAM 256GB - International Version,https://www.noon.com/saudi-en/galaxy-s23-ultra-5g-dual-sim-phantom-black-12gb-ram-256gb-international-version/N53379147A/p/?o=ffa06254b074517d
210,"ZIPFORCE True Wireless Earbuds, in-Ear Bluetooth 5.3 Headphones, Bluetooth Earbuds Touch Control 30 Playtime, IPX5 Waterproof TWS, Light-Weight Earphones",https://www.noon.com/saudi-en/zipforce-true-wireless-earbuds-in-ear-bluetooth-5-3-headphones-bluetooth-earbuds-touch-control-30-playtime-ipx5-waterproof-tws-light-weight-earphones/ZDFD9FC0C48DF8C91D823Z/p/?o=zdfd9fc0c48df8c91d823z-1
211,"MacBook Air With 13.3-inch Retina Display, Core i5 Processor/10th Gen/macOS/8GB RAM/512 GB SSD/Intel Iris Plus Graphics With English Keyboard-2020 Gold English Gold",https://www.noon.com/saudi-en/macbook-air-with-13-3-inch-retina-display-core-i5-processor-10th-gen-macos-8gb-ram-512-gb-ssd-intel-iris-plus-graphics-with-english-keyboard-2020-gold-english-gold/N36062336A/p/?o=f5a2f63a5155b11c
212,Galaxy Tab S8 Graphite 8GB RAM 128GB 5G - Middle East Version,https://www.noon.com/saudi-en/galaxy-tab-s8-graphite-8gb-ram-128gb-5g-middle-east-version/N52535568A/p/?o=c52ad9141f39b82f
213,"Inspiron 14 5410 Convertible Laptop With 14 Inch FHD Touchscreen Display, 11th Gen Intel Core i3-1125G4/ 256GB SSD/ 4 GB RAM/ Intel UHD Graphics/ Win 10 Home/ Eng Ar KB English/Arabic Silver",https://www.noon.com/saudi-en/inspiron-14-5410-convertible-laptop-with-14-inch-fhd-touchscreen-display-11th-gen-intel-core-i3-1125g4-256gb-ssd-4-gb-ram-intel-uhd-graphics-win-10-home-eng-ar-kb-english-arabic-silver/N50226701A/p/?o=b790305fc48a2d2e
214,AirPods (3rd generation) with Lightning Charging Case White,https://www.noon.com/saudi-en/airpods-3rd-generation-with-lightning-charging-case-white/N53349332A/p/?o=acdf2eca6d2afd9c
215,EOS 5D Mark IV DSLR Camera With EF 24-105mm IS USM Lens Fast Versatile Full Frame Camera 30.4 MP 4K Wi-Fi GPS,https://www.noon.com/saudi-en/eos-5d-mark-iv-dslr-camera-with-ef-24-105mm-is-usm-lens-fast-versatile-full-frame-camera-30-4-mp-4k-wi-fi-gps/N13299769A/p/?o=ae440035122d245e
216,"65-Inch 4K UHD Google TV, Smart TV, Dolby vision, Dolby atmos, Google assistant, In-built chromecast and premium streaming channels Model ( 2023 ) 65P637 Black",https://www.noon.com/saudi-en/65-inch-4k-uhd-google-tv-smart-tv-dolby-vision-dolby-atmos-google-assistant-in-built-chromecast-and-premium-streaming-channels-model-2023-65p637-black/N53362855A/p/?o=be83f5f423e3b68d
217,Band 6 All-Day SPO2 Monitoring Fullview Display 2 Weeks Battery Life 1.47 inch Graphite Black,https://www.noon.com/saudi-en/band-6-all-day-spo2-monitoring-fullview-display-2-weeks-battery-life-1-47-inch-graphite-black/N46954808A/p/?o=c0bca8a9176c08af
218,PlayStation 5 With Blu-Ray Disc Version (New Model) - Official KSA Version,https://www.noon.com/saudi-en/playstation-5-with-blu-ray-disc-version-new-model-official-ksa-version/N70022608V/p/?o=a2e071547d90cb4e
219,Flip 6 Portable Waterproof Speaker Black,https://www.noon.com/saudi-en/flip-6-portable-waterproof-speaker-black/N52103168A/p/?o=d5f6408d0cf41c5c
220,20000mAh High-Speed Charging Technology Powerbank 18 watt Black,https://www.noon.com/saudi-en/20000mah-high-speed-charging-technology-powerbank-18-watt-black/N43785642A/p/?o=c7ce75c5e275ac9e
221,iPad 2022 (10th Generation) 10.9-inch 64GB WiFi Silver - International Version,https://www.noon.com/saudi-en/ipad-2022-10th-generation-10-9-inch-64gb-wifi-silver-international-version/N53359870A/p/?o=b20b57f27aee378a
222,Apple iPhone 15 Pro Max,https://www.jarir.com/sa-en/default-category/apple-iphone-15-pro-max-smartphones-623606.html
223,Samsung Galaxy S23 Ultra,https://www.jarir.com/sa-en/default-category/samsung-galaxy-s23-ultra-smartphones-606986.html
224,"Apple iPhone 15 Pro Max, 5G, 6.7-inch, 256GB, Natural Titanium",https://www.extra.com/en-sa/mobiles-tablets/mobiles/smartphone/apple-iphone-15-pro-max-5g-6-7-inch-256gb-natural-titanium/p/100345839
225,Redmi Note 13 Dual SIM Chromatic Purple 8GB RAM 256GB 5G - Global Version,https://www.noon.com/saudi-en/redmi-note-13-dual-sim-chromatic-purple-8gb-ram-256gb-5g-global-version/N70094401V/p/?o=f1f56a1ea33f308c
226,DISQUE DUR INTERNE SSD ADATA ASX6000 LITE 256GB PCIE 3D NAND PCIE GEN,https://www.tunisianet.com.tn/disques-ssd/73444-disque-dur-interne-ssd-adata-asx6000-lite-256gb-pcie-3d-nand-pcie-gen.html
227,CL USB TEAM GROUP C212 1TO USB 3.2 - NOIR,https://www.mytek.tn/cle-usb-team-group-c212-1to-usb-3-2-noir.html
228,CL USB TEAM GROUP C173 8GO USB 2.0 - NOIR,https://www.mytek.tn/cle-usb-team-group-c173-8go-usb-2-0-noir.html
229,iPhone 15 Pro Max 256GB Black Titanium 5G With FaceTime - Middle East Version,https://www.noon.com/saudi-en/iphone-15-pro-max-256gb-black-titanium-5g-with-facetime-middle-east-version/N53432493A/p/?o=ea494d7c3358a48d
230,Galaxy S23 Ultra 5G Dual SIM Phantom Black 12GB RAM 256GB - International Version,https://www.noon.com/saudi-en/galaxy-s23-ultra-5g-dual-sim-phantom-black-12gb-ram-256gb-international-version/N53379147A/p/?o=ffa06254b074517d
231,"ZIPFORCE True Wireless Earbuds, in-Ear Bluetooth 5.3 Headphones, Bluetooth Earbuds Touch Control 30 Playtime, IPX5 Waterproof TWS, Light-Weight Earphones",https://www.noon.com/saudi-en/zipforce-true-wireless-earbuds-in-ear-bluetooth-5-3-headphones-bluetooth-earbuds-touch-control-30-playtime-ipx5-waterproof-tws-light-weight-earphones/ZDFD9FC0C48DF8C91D823Z/p/?o=zdfd9fc0c48df8c91d823z-1
232,"MacBook Air With 13.3-inch Retina Display, Core i5 Processor/10th Gen/macOS/8GB RAM/512 GB SSD/Intel Iris Plus Graphics With English Keyboard-2020 Gold English Gold",https://www.noon.com/saudi-en/macbook-air-with-13-3-inch-retina-display-core-i5-processor-10th-gen-macos-8gb-ram-512-gb-ssd-intel-iris-plus-graphics-with-english-keyboard-2020-gold-english-gold/N36062336A/p/?o=f5a2f63a5155b11c
233,Galaxy Tab S8 Graphite 8GB RAM 128GB 5G - Middle East Version,https://www.noon.com/saudi-en/galaxy-tab-s8-graphite-8gb-ram-128gb-5g-middle-east-version/N52535568A/p/?o=c52ad9141f39b82f
234,"Inspiron 14 5410 Convertible Laptop With 14 Inch FHD Touchscreen Display, 11th Gen Intel Core i3-1125G4/ 256GB SSD/ 4 GB RAM/ Intel UHD Graphics/ Win 10 Home/ Eng Ar KB English/Arabic Silver",https://www.noon.com/saudi-en/inspiron-14-5410-convertible-laptop-with-14-inch-fhd-touchscreen-display-11th-gen-intel-core-i3-1125g4-256gb-ssd-4-gb-ram-intel-uhd-graphics-win-10-home-eng-ar-kb-english-arabic-silver/N50226701A/p/?o=b790305fc48a2d2e
235,AirPods (3rd generation) with Lightning Charging Case White,https://www.noon.com/saudi-en/airpods-3rd-generation-with-lightning-charging-case-white/N53349332A/p/?o=acdf2eca6d2afd9c
236,EOS 5D Mark IV DSLR Camera With EF 24-105mm IS USM Lens Fast Versatile Full Frame Camera 30.4 MP 4K Wi-Fi GPS,https://www.noon.com/saudi-en/eos-5d-mark-iv-dslr-camera-with-ef-24-105mm-is-usm-lens-fast-versatile-full-frame-camera-30-4-mp-4k-wi-fi-gps/N13299769A/p/?o=ae440035122d245e
237,"65-Inch 4K UHD Google TV, Smart TV, Dolby vision, Dolby atmos, Google assistant, In-built chromecast and premium streaming channels Model ( 2023 ) 65P637 Black",https://www.noon.com/saudi-en/65-inch-4k-uhd-google-tv-smart-tv-dolby-vision-dolby-atmos-google-assistant-in-built-chromecast-and-premium-streaming-channels-model-2023-65p637-black/N53362855A/p/?o=be83f5f423e3b68d
238,Band 6 All-Day SPO2 Monitoring Fullview Display 2 Weeks Battery Life 1.47 inch Graphite Black,https://www.noon.com/saudi-en/band-6-all-day-spo2-monitoring-fullview-display-2-weeks-battery-life-1-47-inch-graphite-black/N46954808A/p/?o=c0bca8a9176c08af
239,PlayStation 5 With Blu-Ray Disc Version (New Model) - Official KSA Version,https://www.noon.com/saudi-en/playstation-5-with-blu-ray-disc-version-new-model-official-ksa-version/N70022608V/p/?o=a2e071547d90cb4e
240,Flip 6 Portable Waterproof Speaker Black,https://www.noon.com/saudi-en/flip-6-portable-waterproof-speaker-black/N52103168A/p/?o=d5f6408d0cf41c5c
241,20000mAh High-Speed Charging Technology Powerbank 18 watt Black,https://www.noon.com/saudi-en/20000mah-high-speed-charging-technology-powerbank-18-watt-black/N43785642A/p/?o=c7ce75c5e275ac9e
242,iPad 2022 (10th Generation) 10.9-inch 64GB WiFi Silver - International Version,https://www.noon.com/saudi-en/ipad-2022-10th-generation-10-9-inch-64gb-wifi-silver-international-version/N53359870A/p/?o=b20b57f27aee378a
243,Apple iPhone 15 Pro Max,https://www.jarir.com/sa-en/default-category/apple-iphone-15-pro-max-smartphones-623606.html
244,Samsung Galaxy S23 Ultra,https://www.jarir.com/sa-en/default-category/samsung-galaxy-s23-ultra-smartphones-606986.html
245,"Apple iPhone 15 Pro Max, 5G, 6.7-inch, 256GB, Natural Titanium",https://www.extra.com/en-sa/mobiles-tablets/mobiles/smartphone/apple-iphone-15-pro-max-5g-6-7-inch-256gb-natural-titanium/p/100345839
246,Redmi Note 13 Dual SIM Chromatic Purple 8GB RAM 256GB 5G - Global Version,https://www.noon.com/saudi-en/redmi-note-13-dual-sim-chromatic-purple-8gb-ram-256gb-5g-global-version/N70094401V/p/?o=f1f56a1ea33f308c
247,DISQUE DUR INTERNE SSD ADATA ASX6000 LITE 256GB PCIE 3D NAND PCIE GEN,https://www.tunisianet.com.tn/disques-ssd/73444-disque-dur-interne-ssd-adata-asx6000-lite-256gb-pcie-3d-nand-pcie-gen.html
248,CL USB TEAM GROUP C212 1TO USB 3.2 - NOIR,https://www.mytek.tn/cle-usb-team-group-c212-1to-usb-3-2-noir.html
249,CL USB TEAM GROUP C173 8GO USB 2.0 - NOIR,https://www.mytek.tn/cle-usb-team-group-c173-8go-usb-2-0-noir.html
250,iPhone 15 Pro Max 256GB Black Titanium 5G With FaceTime - Middle East Version,https://www.noon.com/saudi-en/iphone-15-pro-max-256gb-black-titanium-5g-with-facetime-middle-east-version/N53432493A/p/?o=ea494d7c3358a48d
251,Galaxy S23 Ultra 5G Dual SIM Phantom Black 12GB RAM 256GB - International Version,https://www.noon.com/saudi-en/galaxy-s23-ultra-5g-dual-sim-phantom-black-12gb-ram-256gb-international-version/N53379147A/p/?o=ffa06254b074517d
252,"ZIPFORCE True Wireless Earbuds, in-Ear Bluetooth 5.3 Headphones, Bluetooth Earbuds Touch Control 30 Playtime, IPX5 Waterproof TWS, Light-Weight Earphones",https://www.noon.com/saudi-en/zipforce-true-wireless-earbuds-in-ear-bluetooth-5-3-headphones-bluetooth-earbuds-touch-control-30-playtime-ipx5-waterproof-tws-light-weight-earphones/ZDFD9FC0C48DF8C91D823Z/p/?o=zdfd9fc0c48df8c91d823z-1
253,"MacBook Air With 13.3-inch Retina Display, Core i5 Processor/10th Gen/macOS/8GB RAM/512 GB SSD/Intel Iris Plus Graphics With English Keyboard-2020 Gold English Gold",https://www.noon.com/saudi-en/macbook-air-with-13-3-inch-retina-display-core-i5-processor-10th-gen-macos-8gb-ram-512-gb-ssd-intel-iris-plus-graphics-with-english-keyboard-2020-gold-english-gold/N36062336A/p/?o=f5a2f63a5155b11c
254,Galaxy Tab S8 Graphite 8GB RAM 128GB 5G - Middle East Version,https://www.noon.com/saudi-en/galaxy-tab-s8-graphite-8gb-ram-128gb-5g-middle-east-version/N52535568A/p/?o=c52ad9141f39b82f
255,"Inspiron 14 5410 Convertible Laptop With 14 Inch FHD Touchscreen Display, 11th Gen Intel Core i3-1125G4/ 256GB SSD/ 4 GB RAM/ Intel UHD Graphics/ Win 10 Home/ Eng Ar KB English/Arabic Silver",https://www.noon.com/saudi-en/inspiron-14-5410-convertible-laptop-with-14-inch-fhd-touchscreen-display-11th-gen-intel-core-i3-1125g4-256gb-ssd-4-gb-ram-intel-uhd-graphics-win-10-home-eng-ar-kb-english-arabic-silver/N50226701A/p/?o=b790305fc48a2d2e
256,AirPods (3rd generation) with Lightning Charging Case White,https://www.noon.com/saudi-en/airpods-3rd-generation-with-lightning-charging-case-white/N53349332A/p/?o=acdf2eca6d2afd9c
257,EOS 5D Mark IV DSLR Camera With EF 24-105mm IS USM Lens Fast Versatile Full Frame Camera 30.4 MP 4K Wi-Fi GPS,https://www.noon.com/saudi-en/eos-5d-mark-iv-dslr-camera-with-ef-24-105mm-is-usm-lens-fast-versatile-full-frame-camera-30-4-mp-4k-wi-fi-gps/N13299769A/p/?o=ae440035122d245e
258,"65-Inch 4K UHD Google TV, Smart TV, Dolby vision, Dolby atmos, Google assistant, In-built chromecast and premium streaming channels Model ( 2023 ) 65P637 Black",https://www.noon.com/saudi-en/65-inch-4k-uhd-google-tv-smart-tv-dolby-vision-dolby-atmos-google-assistant-in-built-chromecast-and-premium-streaming-channels-model-2023-65p637-black/N53362855A/p/?o=be83f5f423e3b68d
259,Band 6 All-Day SPO2 Monitoring Fullview Display 2 Weeks Battery Life 1.47 inch Graphite Black,https://www.noon.com/saudi-en/band-6-all-day-spo2-monitoring-fullview-display-2-weeks-battery-life-1-47-inch-graphite-black/N46954808A/p/?o=c0bca8a9176c08af
260,PlayStation 5 With Blu-Ray Disc Version (New Model) - Official KSA Version,https://www.noon.com/saudi-en/playstation-5-with-blu-ray-disc-version-new-model-official-ksa-version/N70022608V/p/?o=a2e071547d90cb4e
261,Flip 6 Portable Waterproof Speaker Black,https://www.noon.com/saudi-en/flip-6-portable-waterproof-speaker-black/N52103168A/p/?o=d5f6408d0cf41c5c
262,20000mAh High-Speed Charging Technology Powerbank 18 watt Black,https://www.noon.com/saudi-en/20000mah-high-speed-charging-technology-powerbank-18-watt-black/N43785642A/p/?o=c7ce75c5e275ac9e
263,iPad 2022 (10th Generation) 10.9-inch 64GB WiFi Silver - International Version,https://www.noon.com/saudi-en/ipad-2022-10th-generation-10-9-inch-64gb-wifi-silver-international-version/N53359870A/p/?o=b20b57f27aee378a
264,Apple iPhone 15 Pro Max,https://www.jarir.com/sa-en/default-category/apple-iphone-15-pro-max-smartphones-623606.html
265,N/A,https://www.jarir.com/sa-en/default-category/samsung-galaxy-s23-ultra-smartphones-606986.html
266,"Apple iPhone 15 Pro Max, 5G, 6.7-inch, 256GB, Natural Titanium",https://www.extra.com/en-sa/mobiles-tablets/mobiles/smartphone/apple-iphone-15-pro-max-5g-6-7-inch-256gb-natural-titanium/p/100345839
267,Redmi Note 13 Dual SIM Chromatic Purple 8GB RAM 256GB 5G - Global Version,https://www.noon.com/saudi-en/redmi-note-13-dual-sim-chromatic-purple-8gb-ram-256gb-5g-global-version/N70094401V/p/?o=f1f56a1ea33f308c
268,DISQUE DUR INTERNE SSD ADATA ASX6000 LITE 256GB PCIE 3D NAND PCIE GEN,https://www.tunisianet.com.tn/disques-ssd/73444-disque-dur-interne-ssd-adata-asx6000-lite-256gb-pcie-3d-nand-pcie-gen.html
269,CL USB TEAM GROUP C212 1TO USB 3.2 - NOIR,https://www.mytek.tn/cle-usb-team-group-c212-1to-usb-3-2-noir.html
270,CL USB TEAM GROUP C173 8GO USB 2.0 - NOIR,https://www.mytek.tn/cle-usb-team-group-c173-8go-usb-2-0-noir.html
271,Samsung Galaxy S23 Ultra,https://www.jarir.com/sa-en/default-category/samsung-galaxy-s23-ultra-smartphones-606986.html
272,iPhone 15 Pro Max 256GB Black Titanium 5G With FaceTime - Middle East Version,https://www.noon.com/saudi-en/iphone-15-pro-max-256gb-black-titanium-5g-with-facetime-middle-east-version/N53432493A/p/?o=ea494d7c3358a48d
273,Galaxy S23 Ultra 5G Dual SIM Phantom Black 12GB RAM 256GB - International Version,https://www.noon.com/saudi-en/galaxy-s23-ultra-5g-dual-sim-phantom-black-12gb-ram-256gb-international-version/N53379147A/p/?o=ffa06254b074517d
274,"ZIPFORCE True Wireless Earbuds, in-Ear Bluetooth 5.3 Headphones, Bluetooth Earbuds Touch Control 30 Playtime, IPX5 Waterproof TWS, Light-Weight Earphones",https://www.noon.com/saudi-en/zipforce-true-wireless-earbuds-in-ear-bluetooth-5-3-headphones-bluetooth-earbuds-touch-control-30-playtime-ipx5-waterproof-tws-light-weight-earphones/ZDFD9FC0C48DF8C91D823Z/p/?o=zdfd9fc0c48df8c91d823z-1
275,"MacBook Air With 13.3-inch Retina Display, Core i5 Processor/10th Gen/macOS/8GB RAM/512 GB SSD/Intel Iris Plus Graphics With English Keyboard-2020 Gold English Gold",https://www.noon.com/saudi-en/macbook-air-with-13-3-inch-retina-display-core-i5-processor-10th-gen-macos-8gb-ram-512-gb-ssd-intel-iris-plus-graphics-with-english-keyboard-2020-gold-english-gold/N36062336A/p/?o=f5a2f63a5155b11c
276,Galaxy Tab S8 Graphite 8GB RAM 128GB 5G - Middle East Version,https://www.noon.com/saudi-en/galaxy-tab-s8-graphite-8gb-ram-128gb-5g-middle-east-version/N52535568A/p/?o=c52ad9141f39b82f
277,"Inspiron 14 5410 Convertible Laptop With 14 Inch FHD Touchscreen Display, 11th Gen Intel Core i3-1125G4/ 256GB SSD/ 4 GB RAM/ Intel UHD Graphics/ Win 10 Home/ Eng Ar KB English/Arabic Silver",https://www.noon.com/saudi-en/inspiron-14-5410-convertible-laptop-with-14-inch-fhd-touchscreen-display-11th-gen-intel-core-i3-1125g4-256gb-ssd-4-gb-ram-intel-uhd-graphics-win-10-home-eng-ar-kb-english-arabic-silver/N50226701A/p/?o=b790305fc48a2d2e
278,AirPods (3rd generation) with Lightning Charging Case White,https://www.noon.com/saudi-en/airpods-3rd-generation-with-lightning-charging-case-white/N53349332A/p/?o=acdf2eca6d2afd9c
279,EOS 5D Mark IV DSLR Camera With EF 24-105mm IS USM Lens Fast Versatile Full Frame Camera 30.4 MP 4K Wi-Fi GPS,https://www.noon.com/saudi-en/eos-5d-mark-iv-dslr-camera-with-ef-24-105mm-is-usm-lens-fast-versatile-full-frame-camera-30-4-mp-4k-wi-fi-gps/N13299769A/p/?o=ae440035122d245e
280,"65-Inch 4K UHD Google TV, Smart TV, Dolby vision, Dolby atmos, Google assistant, In-built chromecast and premium streaming channels Model ( 2023 ) 65P637 Black",https://www.noon.com/saudi-en/65-inch-4k-uhd-google-tv-smart-tv-dolby-vision-dolby-atmos-google-assistant-in-built-chromecast-and-premium-streaming-channels-model-2023-65p637-black/N53362855A/p/?o=be83f5f423e3b68d
281,Band 6 All-Day SPO2 Monitoring Fullview Display 2 Weeks Battery Life 1.47 inch Graphite Black,https://www.noon.com/saudi-en/band-6-all-day-spo2-monitoring-fullview-display-2-weeks-battery-life-1-47-inch-graphite-black/N46954808A/p/?o=c0bca8a9176c08af
282,PlayStation 5 With Blu-Ray Disc Version (New Model) - Official KSA Version,https://www.noon.com/saudi-en/playstation-5-with-blu-ray-disc-version-new-model-official-ksa-version/N70022608V/p/?o=a2e071547d90cb4e
283,Flip 6 Portable Waterproof Speaker Black,https://www.noon.com/saudi-en/flip-6-portable-waterproof-speaker-black/N52103168A/p/?o=d5f6408d0cf41c5c
284,20000mAh High-Speed Charging Technology Powerbank 18 watt Black,https://www.noon.com/saudi-en/20000mah-high-speed-charging-technology-powerbank-18-watt-black/N43785642A/p/?o=c7ce75c5e275ac9e
285,iPad 2022 (10th Generation) 10.9-inch 64GB WiFi Silver - International Version,https://www.noon.com/saudi-en/ipad-2022-10th-generation-10-9-inch-64gb-wifi-silver-international-version/N53359870A/p/?o=b20b57f27aee378a
286,Apple iPhone 15 Pro Max,https://www.jarir.com/sa-en/default-category/apple-iphone-15-pro-max-smartphones-623606.html
287,Samsung Galaxy S23 Ultra,https://www.jarir.com/sa-en/default-category/samsung-galaxy-s23-ultra-smartphones-606986.html
288,"Apple iPhone 15 Pro Max, 5G, 6.7-inch, 256GB, Natural Titanium",https://www.extra.com/en-sa/mobiles-tablets/mobiles/smartphone/apple-iphone-15-pro-max-5g-6-7-inch-256gb-natural-titanium/p/100345839
289,Redmi Note 13 Dual SIM Chromatic Purple 8GB RAM 256GB 5G - Global Version,https://www.noon.com/saudi-en/redmi-note-13-dual-sim-chromatic-purple-8gb-ram-256gb-5g-global-version/N70094401V/p/?o=f1f56a1ea33f308c
290,DISQUE DUR INTERNE SSD ADATA ASX6000 LITE 256GB PCIE 3D NAND PCIE GEN,https://www.tunisianet.com.tn/disques-ssd/73444-disque-dur-interne-ssd-adata-asx6000-lite-256gb-pcie-3d-nand-pcie-gen.html
291,CL USB TEAM GROUP C212 1TO USB 3.2 - NOIR,https://www.mytek.tn/cle-usb-team-group-c212-1to-usb-3-2-noir.html
292,CL USB TEAM GROUP C173 8GO USB 2.0 - NOIR,https://www.mytek.tn/cle-usb-team-group-c173-8go-usb-2-0-noir.html
293,iPhone 15 Pro Max 256GB Black Titanium 5G With FaceTime - Middle East Version,https://www.noon.com/saudi-en/iphone-15-pro-max-256gb-black-titanium-5g-with-facetime-middle-east-version/N53432493A/p/?o=ea494d7c3358a48d
294,Galaxy S23 Ultra 5G Dual SIM Phantom Black 12GB RAM 256GB - International Version,https://www.noon.com/saudi-en/galaxy-s23-ultra-5g-dual-sim-phantom-black-12gb-ram-256gb-international-version/N53379147A/p/?o=ffa06254b074517d
295,"ZIPFORCE True Wireless Earbuds, in-Ear Bluetooth 5.3 Headphones, Bluetooth Earbuds Touch Control 30 Playtime, IPX5 Waterproof TWS, Light-Weight Earphones",https://www.noon.com/saudi-en/zipforce-true-wireless-earbuds-in-ear-bluetooth-5-3-headphones-bluetooth-earbuds-touch-control-30-playtime-ipx5-waterproof-tws-light-weight-earphones/ZDFD9FC0C48DF8C91D823Z/p/?o=zdfd9fc0c48df8c91d823z-1
296,"MacBook Air With 13.3-inch Retina Display, Core i5 Processor/10th Gen/macOS/8GB RAM/512 GB SSD/Intel Iris Plus Graphics With English Keyboard-2020 Gold English Gold",https://www.noon.com/saudi-en/macbook-air-with-13-3-inch-retina-display-core-i5-processor-10th-gen-macos-8gb-ram-512-gb-ssd-intel-iris-plus-graphics-with-english-keyboard-2020-gold-english-gold/N36062336A/p/?o=f5a2f63a5155b11c
297,Galaxy Tab S8 Graphite 8GB RAM 128GB 5G - Middle East Version,https://www.noon.com/saudi-en/galaxy-tab-s8-graphite-8gb-ram-128gb-5g-middle-east-version/N52535568A/p/?o=c52ad9141f39b82f
298,"Inspiron 14 5410 Convertible Laptop With 14 Inch FHD Touchscreen Display, 11th Gen Intel Core i3-1125G4/ 256GB SSD/ 4 GB RAM/ Intel UHD Graphics/ Win 10 Home/ Eng Ar KB English/Arabic Silver",https://www.noon.com/saudi-en/inspiron-14-5410-convertible-laptop-with-14-inch-fhd-touchscreen-display-11th-gen-intel-core-i3-1125g4-256gb-ssd-4-gb-ram-intel-uhd-graphics-win-10-home-eng-ar-kb-english-arabic-silver/N50226701A/p/?o=b790305fc48a2d2e
299,AirPods (3rd generation) with Lightning Charging Case White,https://www.noon.com/saudi-en/airpods-3rd-generation-with-lightning-charging-case-white/N53349332A/p/?o=acdf2eca6d2afd9c
300,EOS 5D Mark IV DSLR Camera With EF 24-105mm IS USM Lens Fast Versatile Full Frame Camera 30.4 MP 4K Wi-Fi GPS,https://www.noon.com/saudi-en/eos-5d-mark-iv-dslr-camera-with-ef-24-105mm-is-usm-lens-fast-versatile-full-frame-camera-30-4-mp-4k-wi-fi-gps/N13299769A/p/?o=ae440035122d245e
301,"65-Inch 4K UHD Google TV, Smart TV, Dolby vision, Dolby atmos, Google assistant, In-built chromecast and premium streaming channels Model ( 2023 ) 65P637 Black",https://www.noon.com/saudi-en/65-inch-4k-uhd-google-tv-smart-tv-dolby-vision-dolby-atmos-google-assistant-in-built-chromecast-and-premium-streaming-channels-model-2023-65p637-black/N53362855A/p/?o=be83f5f423e3b68d
302,Band 6 All-Day SPO2 Monitoring Fullview Display 2 Weeks Battery Life 1.47 inch Graphite Black,https://www.noon.com/saudi-en/band-6-all-day-spo2-monitoring-fullview-display-2-weeks-battery-life-1-47-inch-graphite-black/N46954808A/p/?o=c0bca8a9176c08af
303,PlayStation 5 With Blu-Ray Disc Version (New Model) - Official KSA Version,https://www.noon.com/saudi-en/playstation-5-with-blu-ray-disc-version-new-model-official-ksa-version/N70022608V/p/?o=a2e071547d90cb4e
304,Flip 6 Portable Waterproof Speaker Black,https://www.noon.com/saudi-en/flip-6-portable-waterproof-speaker-black/N52103168A/p/?o=d5f6408d0cf41c5c
305,20000mAh High-Speed Charging Technology Powerbank 18 watt Black,https://www.noon.com/saudi-en/20000mah-high-speed-charging-technology-powerbank-18-watt-black/N43785642A/p/?o=c7ce75c5e275ac9e
306,iPad 2022 (10th Generation) 10.9-inch 64GB WiFi Silver - International Version,https://www.noon.com/saudi-en/ipad-2022-10th-generation-10-9-inch-64gb-wifi-silver-international-version/N53359870A/p/?o=b20b57f27aee378a
307,Apple iPhone 15 Pro Max,https://www.jarir.com/sa-en/default-category/apple-iphone-15-pro-max-smartphones-623606.html
308,Samsung Galaxy S23 Ultra,https://www.jarir.com/sa-en/default-category/samsung-galaxy-s23-ultra-smartphones-606986.html
309,"Apple iPhone 15 Pro Max, 5G, 6.7-inch, 256GB, Natural Titanium",https://www.extra.com/en-sa/mobiles-tablets/mobiles/smartphone/apple-iphone-15-pro-max-5g-6-7-inch-256gb-natural-titanium/p/100345839
310,Redmi Note 13 Dual SIM Chromatic Purple 8GB RAM 256GB 5G - Global Version,https://www.noon.com/saudi-en/redmi-note-13-dual-sim-chromatic-purple-8gb-ram-256gb-5g-global-version/N70094401V/p/?o=f1f56a1ea33f308c
311,DISQUE DUR INTERNE SSD ADATA ASX6000 LITE 256GB PCIE 3D NAND PCIE GEN,https://www.tunisianet.com.tn/disques-ssd/73444-disque-dur-interne-ssd-adata-asx6000-lite-256gb-pcie-3d-nand-pcie-gen.html
312,CL USB TEAM GROUP C212 1TO USB 3.2 - NOIR,https://www.mytek.tn/cle-usb-team-group-c212-1to-usb-3-2-noir.html
313,CL USB TEAM GROUP C173 8GO USB 2.0 - NOIR,https://www.mytek.tn/cle-usb-team-group-c173-8go-usb-2-0-noir.html
314,Smart Band 6 Sport Watch 1.56-inch AMOLED HD Screen 24H Heart Rate/Stress/Sleep Monitoring SpO2 & Female Health Tacking 5ATM Waterproof Black
315,iPhone 15 Pro Max 256GB Black Titanium 5G With FaceTime - Middle East Version
316,Galaxy S23 Ultra 5G Dual SIM Phantom Black 12GB RAM 256GB - International Version
317,ZIPFORCE True Wireless Earbuds, in-Ear Bluetooth 5.3 Headphones, Bluetooth Earbuds Touch Control 30 Playtime, IPX5 Waterproof TWS, Light-Weight Earphones
318,MacBook Air With 13.3-inch Retina Display, Core i5 Processor/10th Gen/macOS/8GB RAM/512 GB SSD/Intel Iris Plus Graphics With English Keyboard-2020 English Gold
319,Galaxy Tab S8 Graphite 8GB RAM 128GB 5G - Middle East Version
320,Inspiron 14 5410 Convertible Laptop With 14 Inch FHD Touchscreen Display, 11th Gen Intel Core i3-1125G4/ 256GB SSD/ 4 GB RAM/ Intel UHD Graphics/ Win 10 Home/ Eng Ar KB English/Arabic Silver
321,AirPods (3rd generation) with Lightning Charging Case White
322,EOS 5D Mark IV DSLR Camera With EF 24-105mm IS USM Lens Fast Versatile Full Frame Camera 30.4 MP 4K Wi-Fi GPS
323,65-Inch 4K UHD Google TV, Smart TV, Dolby vision, Dolby atmos, Google assistant, In-built chromecast and premium streaming channels Model ( 2023 ) 65P637 Black
324,Band 6 All-Day SPO2 Monitoring Fullview Display 2 Weeks Battery Life 1.47 inch Graphite Black
325,PlayStation 5 With Blu-Ray Disc Version (New Model) - Official KSA Version
326,Flip 6 Portable Waterproof Speaker Black
327,20000mAh High-Speed Charging Technology Powerbank 18 watt Black
328,iPad 2022 (10th Generation) 10.9-inch 64GB WiFi Silver - International Version
329,Apple iPhone 15 Pro Max
330,Samsung Galaxy S23 Ultra
331,Apple iPhone 15 Pro Max, 5G, 6.7-inch, 256GB, Natural Titanium
332,Redmi Note 13 Dual SIM Chromatic Purple 8GB RAM 256GB 5G - Global Version
333,DISQUE DUR INTERNE SSD ADATA ASX6000 LITE 256GB PCIE 3D NAND PCIE GEN
334,CL USB TEAM GROUP C212 1TO USB 3.2 - NOIR
335,CL USB TEAM GROUP C173 8GO USB 2.0 - NOIR
336,Smart Band 6 Sport Watch 1.56-inch AMOLED HD Screen 24H Heart Rate/Stress/Sleep Monitoring SpO2 & Female Health Tacking 5ATM Waterproof Black
337,Cloud II Wired Over-Ear Gaming Headphones For PS4, PS5, XOne, XSeries, Nintendo Switch And PC
338,Acer Swift Go 14 Laptop
339,iPhone 15 Pro Max 256GB Black Titanium 5G With FaceTime - Middle East Version
340,Galaxy S23 Ultra 5G Dual SIM Phantom Black 12GB RAM 256GB - International Version
341,ZIPFORCE True Wireless Earbuds, in-Ear Bluetooth 5.3 Headphones, Bluetooth Earbuds Touch Control 30 Playtime, IPX5 Waterproof TWS, Light-Weight Earphones
342,MacBook Air With 13.3-inch Retina Display, Core i5 Processor/10th Gen/macOS/8GB RAM/512 GB SSD/Intel Iris Plus Graphics With English Keyboard-2020 English Gold
343,Galaxy Tab S8 Graphite 8GB RAM 128GB 5G - Middle East Version
344,Inspiron 14 5410 Convertible Laptop With 14 Inch FHD Touchscreen Display, 11th Gen Intel Core i3-1125G4/ 256GB SSD/ 4 GB RAM/ Intel UHD Graphics/ Win 10 Home/ Eng Ar KB English/Arabic Silver
345,AirPods (3rd generation) with Lightning Charging Case White
346,EOS 5D Mark IV DSLR Camera With EF 24-105mm IS USM Lens Fast Versatile Full Frame Camera 30.4 MP 4K Wi-Fi GPS
347,65-Inch 4K UHD Google TV, Smart TV, Dolby vision, Dolby atmos, Google assistant, In-built chromecast and premium streaming channels Model ( 2023 ) 65P637 Black
348,Band 6 All-Day SPO2 Monitoring Fullview Display 2 Weeks Battery Life 1.47 inch Graphite Black
349,PlayStation 5 With Blu-Ray Disc Version (New Model) - Official KSA Version
350,Flip 6 Portable Waterproof Speaker Black
351,20000mAh High-Speed Charging Technology Powerbank 18 watt Black
352,iPad 2022 (10th Generation) 10.9-inch 64GB WiFi Silver - International Version
353,Apple iPhone 15 Pro Max
354,Samsung Galaxy S23 Ultra
355,Apple iPhone 15 Pro Max, 5G, 6.7-inch, 256GB, Natural Titanium
356,Redmi Note 13 Dual SIM Chromatic Purple 8GB RAM 256GB 5G - Global Version
357,DISQUE DUR INTERNE SSD ADATA ASX6000 LITE 256GB PCIE 3D NAND PCIE GEN
358,CL USB TEAM GROUP C212 1TO USB 3.2 - NOIR
359,CL USB TEAM GROUP C173 8GO USB 2.0 - NOIR
360,Smart Band 6 Sport Watch 1.56-inch AMOLED HD Screen 24H Heart Rate/Stress/Sleep Monitoring SpO2 & Female Health Tacking 5ATM Waterproof Black
361,Cloud II Wired Over-Ear Gaming Headphones For PS4, PS5, XOne, XSeries, Nintendo Switch And PC
362,Acer Swift Go 14 Laptop
363,Acer Swift Go 14 Laptop
364,iPhone 15 Pro Max 256GB Black Titanium 5G With FaceTime - Middle East Version
365,Galaxy S23 Ultra 5G Dual SIM Phantom Black 12GB RAM 256GB - International Version
366,ZIPFORCE True Wireless Earbuds, in-Ear Bluetooth 5.3 Headphones, Bluetooth Earbuds Touch Control 30 Playtime, IPX5 Waterproof TWS, Light-Weight Earphones
367,MacBook Air With 13.3-inch Retina Display, Core i5 Processor/10th Gen/macOS/8GB RAM/512 GB SSD/Intel Iris Plus Graphics With English Keyboard-2020 English Gold
368,Galaxy Tab S8 Graphite 8GB RAM 128GB 5G - Middle East Version
369,Inspiron 14 5410 Convertible Laptop With 14 Inch FHD Touchscreen Display, 11th Gen Intel Core i3-1125G4/ 256GB SSD/ 4 GB RAM/ Intel UHD Graphics/ Win 10 Home/ Eng Ar KB English/Arabic Silver
370,AirPods (3rd generation) with Lightning Charging Case White
371,EOS 5D Mark IV DSLR Camera With EF 24-105mm IS USM Lens Fast Versatile Full Frame Camera 30.4 MP 4K Wi-Fi GPS
372,65-Inch 4K UHD Google TV, Smart TV, Dolby vision, Dolby atmos, Google assistant, In-built chromecast and premium streaming channels Model ( 2023 ) 65P637 Black
373,Band 6 All-Day SPO2 Monitoring Fullview Display 2 Weeks Battery Life 1.47 inch Graphite Black
374,PlayStation 5 With Blu-Ray Disc Version (New Model) - Official KSA Version
375,Flip 6 Portable Waterproof Speaker Black
376,20000mAh High-Speed Charging Technology Powerbank 18 watt Black
377,iPad 2022 (10th Generation) 10.9-inch 64GB WiFi Silver - International Version
378,Apple iPhone 15 Pro Max
379,Samsung Galaxy S23 Ultra
380,Apple iPhone 15 Pro Max, 5G, 6.7-inch, 256GB, Natural Titanium
381,Redmi Note 13 Dual SIM Chromatic Purple 8GB RAM 256GB 5G - Global Version
382,DISQUE DUR INTERNE SSD ADATA ASX6000 LITE 256GB PCIE 3D NAND PCIE GEN
383,CL USB TEAM GROUP C212 1TO USB 3.2 - NOIR
384,CL USB TEAM GROUP C173 8GO USB 2.0 - NOIR
385,Smart Band 6 Sport Watch 1.56-inch AMOLED HD Screen 24H Heart Rate/Stress/Sleep Monitoring SpO2 & Female Health Tacking 5ATM Waterproof Black
386,Cloud II Wired Over-Ear Gaming Headphones For PS4, PS5, XOne, XSeries, Nintendo Switch And PC
387,Acer Swift Go 14 Laptop
388,Apple USB-C Power Adapter.20W,White